,oil_production_opec,oil_production_nonopec,oil_production_world,henry_hub_ng_price,oil_production_us,petrol_consumption_oecd,petrol_consumption_nonoecd,us_cpi,us_ppi,us_ppi_petroleum,us_pmi,crude_oil_inventory_total,crude_oil_inventory_spr,crude_oil_inventory_nonspr,fed_fund_effective,global_real_econ_activity_index,us_cpi_energy,eu19_ppi,usd_eur_exchange,global_econ_policy_uncert_index,comp,copper_futures,djia,dxy,gold_futures,spx,wti_brent_price_spread,wti_crack_spread,brent_crack_spread,wti_price,prediction_label
0,-1.2333981,-1.7269374,-1.7448776,-0.96967477,-0.5204965,1.2836401,-1.5555303,-1.7918562,-1.7187634,-1.5738926,-0.9932179,-1.8949437,-1.6092217,-1.2769454,1.5635453,-0.15182437,-1.8198128,0.27909005,-1.3623439,-1.6778426,0.5065791,-1.5395377,-0.76738286,1.278509,-1.5130966,-0.25769088,0.75362957,-1.5669606,-1.5682935,29.366,29.277439346313475
1,-1.2578397,-1.6974243,-1.7492064,-0.84681857,-0.4738693,0.8166028,-1.581763,-1.7553052,-1.6973783,-1.471246,-0.88510734,-1.7629893,-1.608828,-0.9805707,1.5774065,0.06822639,-1.7088159,0.274817,-1.4705707,-1.5686136,0.62723494,-1.5315856,-0.7858375,1.2469014,-1.5487462,-0.1567703,1.0820768,-1.3750217,-1.3465401,29.842,29.79186933517456
2,-0.89944315,-1.779249,-1.656105,-0.62869424,-0.5188423,-0.6074099,-1.6246017,-1.7589573,-1.6755339,-1.5629764,-0.7766091,-1.4001147,-1.608828,-0.81891173,1.5963808,0.108873524,-1.7392172,1.2781351,-1.5793782,-1.4409772,0.30782533,-1.5410508,-0.6418915,1.5430483,-1.562608,-0.122127295,1.3646961,-1.5082897,-1.4654437,25.722,26.193290004730226
3,-0.661808,-1.7779998,-1.5841006,-0.21773529,-0.5242883,-0.1566209,-1.6154382,-1.7480035,-1.65446,-1.5087901,-0.76278037,-1.2681602,-1.608828,-1.034457,1.622966,0.056040425,-1.7331446,0.55300176,-1.794707,-0.72725445,0.16337395,-1.5258981,-0.7544646,1.4577458,-1.5656971,-0.20080341,0.54518014,-1.3994193,-1.4109083,28.788,28.78572010040283
4,-0.84652525,-1.7381805,-1.6225322,0.20290148,-0.54119647,0.1252324,-1.6095973,-1.7115239,-1.6337122,-1.3362019,-0.73832035,-1.1691945,-1.6135752,-1.1422296,1.649082,0.03934088,-1.5574505,0.12728918,-1.5480853,-0.69365263,0.30893415,-1.5198246,-0.7544646,1.338043,-1.5191789,-0.1210333,0.9363779,-1.2604966,-1.2376026,31.822,31.657680492401123
5,-0.7265826,-1.6699412,-1.5368342,0.034323182,-0.6021411,-0.19617084,-1.5807176,-1.6933079,-1.6163247,-1.4111176,-0.7242111,-1.03724,-1.6002009,-1.3847181,1.650057,0.062007826,-1.5553898,1.0338593,-1.6144701,-1.4127014,0.36794898,-1.4805601,-0.72862816,1.5086479,-1.551821,-0.10143265,0.53204554,-1.377561,-1.3891895,29.697,29.705440464019777
6,-0.24561879,-1.6989858,-1.4164481,0.27638656,-0.5658868,1.0666088,-1.562965,-1.6933079,-1.593947,-1.4552519,-0.83184,-1.1362059,-1.590782,-1.2365307,1.6461437,0.08132197,-1.633418,0.17630118,-1.8023522,-1.8753288,0.32613525,-1.4679195,-0.6197459,1.687377,-1.5502833,-0.07973519,0.5514171,-1.3871694,-1.3976212,31.264,31.100559940338133
7,-0.26026988,-1.6476113,-1.3977151,0.5725963,-0.58860236,0.5972968,-1.5470846,-1.6605554,-1.5696173,-1.2489218,-0.7516822,-1.1691945,-1.6002471,-1.5059623,1.6481044,0.13367496,-1.5368226,0.23149514,-1.9915763,-1.5823956,0.31269825,-1.4460174,-0.6345096,1.724189,-1.5602933,-0.11018457,0.4351072,-1.1924866,-1.2035936,33.884,33.75508907318115
8,-0.11195782,-1.6212212,-1.3389075,0.55528766,-0.5511724,0.32537133,-1.5758358,-1.6496485,-1.5399185,-1.3000605,-0.8011263,-1.3341374,-1.6527154,-1.5059623,1.6471254,0.15004237,-1.5636312,0.92834437,-2.0821636,-1.2792822,0.06951922,-1.4985125,-0.8006012,1.9101535,-1.5840399,-0.2552294,0.9896507,-1.2278674,-1.2002405,33.109,33.182940883636476
9,-0.13999858,-1.4386773,-1.2536867,0.75919604,-0.5341726,0.55061406,-1.543463,-1.6387465,-1.5142635,-1.2983468,-0.8470063,-1.1691945,-1.788314,-1.2500023,1.6471254,0.14093806,-1.569808,0.049718615,-2.0678332,-0.22095083,-0.08037408,-1.5034676,-0.7267827,1.8344984,-1.5695629,-0.28504062,0.8670567,-1.3088624,-1.292509,34.417,34.1078698348999
10,-0.8456638,-1.489115,-1.4764882,1.6774547,-0.51817554,1.487415,-1.5637047,-1.6242201,-1.4892273,-1.4375467,-0.9427914,-1.5320691,-1.8363332,-1.2769454,1.6362103,0.050684985,-1.588316,-0.066595845,-1.8361393,-0.35664958,-0.33481628,-1.5053723,-0.7323191,1.5081402,-1.5654396,-0.37547714,1.2776314,-1.4631877,-1.4247069,28.437,28.78711019515991
11,-0.7686694,-1.5848373,-1.4694551,1.5262388,-0.55848634,1.0888157,-1.530003,-1.5879447,-1.4440457,-1.441082,-1.016115,-1.4001147,-1.8295379,-1.0479286,1.591984,0.007755675,-1.4975177,1.0420619,-1.6200296,-0.4072312,-0.33547282,-1.5061339,-0.7230918,1.5658971,-1.5832627,-0.36554006,1.8779044,-1.4070879,-1.3318716,29.586,29.578590431213378
12,-0.93825644,-1.5086342,-1.4872832,0.7932344,-0.57218283,1.0371981,-1.5243385,-1.5734518,-1.43582,-1.4588013,-1.10451,-1.4660919,-1.829524,-1.3712465,1.5345793,-0.08026242,-1.5078753,0.3103173,-1.7146295,-0.40233797,-0.49263173,-1.5258981,-0.6935644,1.6533575,-1.5809318,-0.42953846,0.9707711,-1.4594138,-1.4411937,29.609,29.498949451446535
13,-0.64003867,-1.4945804,-1.3755375,0.6441475,-0.50035125,0.8290845,-1.5076846,-1.5698282,-1.443768,-1.5394152,-1.134068,-1.3341374,-1.8253098,-0.69766754,1.5116858,-0.05439029,-1.5595112,-0.06930015,-1.7815877,-0.13918331,-0.93036276,-1.5633202,-0.92424715,1.9479811,-1.6061516,-0.714614,1.2638454,-1.521967,-1.4859105,27.245,27.304550609588624
14,-0.9389702,-1.5714082,-1.5221587,0.62759787,-0.5128364,-0.1941575,-1.4970274,-1.5589669,-1.4868789,-1.3953351,-1.1927001,-0.93827426,-1.824896,-0.25310543,1.4406236,-0.12245321,-1.4850756,-0.42200187,-1.8676419,-0.20837015,-0.9843588,-1.5554049,-0.86888325,1.8675023,-1.5913053,-0.70431226,0.85355896,-1.1944671,-1.174529,27.49,27.473839836120604
15,-1.039537,-1.6672866,-1.609563,0.14845997,-0.5364986,-0.17333446,-1.4853868,-1.5264118,-1.5129796,-1.2710122,-1.2864866,-0.64137685,-1.8185146,-0.29352018,1.344569,-0.11801309,-1.338866,0.09637196,-1.9604725,-0.7871165,-0.7292163,-1.5674614,-0.6234368,2.0353146,-1.5861139,-0.5086704,0.29838896,-1.000884,-1.0138395,28.629,28.60260976791382
16,-1.5680615,-1.6886797,-1.8210373,-0.13203794,-0.58265245,-0.124332875,-1.475665,-1.5119582,-1.5410457,-1.3761193,-1.3775696,-0.5424111,-1.8185146,-0.71113914,1.3002565,-0.20072152,-1.3304534,0.04104591,-2.079512,-1.1068842,-0.7973788,-1.603083,-0.69540983,2.0534668,-1.5729173,-0.58287936,0.14394504,-1.3158777,-1.3622887,27.599,27.602320804595948
17,-1.147009,-1.5044181,-1.5509014,-0.5714844,-0.5952801,0.29320517,-1.5587409,-1.5227964,-1.5693288,-1.6031345,-1.4532043,-0.5094225,-1.8152725,-0.6033665,1.2605827,-0.41525298,-1.4995904,-0.36045057,-2.0343127,-0.41373622,-0.87873024,-1.6235881,-0.8006012,1.937953,-1.5835218,-0.6671166,0.8447366,-1.6656945,-1.6631664,26.425,26.525629348754883
18,-0.94560915,-1.5884289,-1.5223484,-0.68752724,-0.6124987,0.6780459,-1.5399123,-1.5227964,-1.6026486,-1.5484627,-1.5048424,-0.70735407,-1.8152725,-0.7246107,1.2354537,-0.77057785,-1.5615717,-0.7373421,-1.8192594,-0.77625495,-0.99505293,-1.625076,-0.8430468,1.7338364,-1.5631227,-0.7337588,0.79569227,-1.5058578,-1.5018488,27.374,27.36760046005249
19,-1.258729,-1.4847426,-1.5850698,-1.4799705,-0.6247701,-0.001600349,-1.5331234,-1.4975122,-1.6392652,-1.3848432,-1.5549628,-0.44344527,-1.8080463,-0.68419594,1.0973259,-0.8380237,-1.4975177,-0.42754963,-1.7646154,0.80213636,-1.4783472,-1.6488183,-1.3302487,1.7372637,-1.5166432,-1.1241308,0.38160747,-1.370915,-1.3953059,26.199,26.236609420776368
20,-1.2737097,-1.4705327,-1.5975217,-1.1731093,-0.59714806,0.33622587,-1.4785713,-1.515571,-1.6972084,-1.7296077,-1.6094183,-0.44344527,-1.8048592,-0.6033665,0.9229204,-0.9195569,-1.7108456,-1.0191984,-1.7996229,0.70266664,-1.3515493,-1.6669143,-1.2545848,1.8138075,-1.5502833,-1.0231191,0.7706961,-1.7888969,-1.7958999,22.17,22.106750087738035
21,-1.3060666,-1.325778,-1.527881,-1.3045406,-0.49960813,0.69836754,-1.4726406,-1.519183,-1.7269185,-1.8695457,-1.647917,-0.37746808,-1.7896322,-0.6168381,0.77240723,-1.0019442,-1.8338454,-0.5667493,-1.8903913,0.087205626,-1.0660458,-1.5914873,-1.0552748,1.882481,-1.5654396,-0.8665874,0.4689493,-2.0554647,-2.0983894,19.635,19.783480224609374
22,-1.6000773,-1.2904873,-1.6184586,-1.3500605,-0.49532765,0.6661124,-1.489547,-1.5227964,-1.7463894,-2.0505261,-1.6246166,-0.41045666,-1.7680813,-0.63030964,0.6515619,-0.9675132,-1.925515,-0.18676256,-1.8746884,-0.2511468,-0.940342,-1.6436349,-0.9593108,1.9153581,-1.5541294,-0.824013,0.41613078,-2.25669,-2.3114598,19.389,19.440419940948487
23,-1.7427636,-1.3173457,-1.7000452,-1.3271903,-0.50520176,0.67372555,-1.47454,-1.5119582,-1.7533919,-2.008085,-1.5401201,-0.41045666,-1.7346307,-0.45517913,0.6070027,-0.848864,-1.9195659,-0.24898277,-1.9179447,-0.2666426,-0.9413925,-1.5862415,-0.9796109,2.0939603,-1.5449067,-0.83714086,0.2932585,-2.196717,-2.264727,19.715,19.706880149841307
24,-1.7335429,-1.2954842,-1.6836474,-1.3271903,-0.4999339,0.8696784,-1.4586568,-1.5011235,-1.7540188,-1.9760263,-1.5365044,-0.60838825,-1.6913748,-0.32046333,0.61207116,-0.7954565,-1.9334415,0.051343787,-1.9851488,-0.6552308,-1.1542982,-1.5978496,-0.99252915,2.0398843,-1.5075309,-0.95045996,0.33949757,-2.1683164,-2.2295427,20.724,20.807370834350586
25,-1.6759926,-1.3919873,-1.7149713,-0.6369978,-0.49648303,0.40441513,-1.4468168,-1.4830785,-1.7460533,-1.7884891,-1.4345663,-0.64137685,-1.6785232,-0.19921911,0.6070027,-0.61761445,-1.8418541,-0.12582003,-1.9534864,-0.9611366,-1.0746099,-1.5633202,-0.7803011,2.0124657,-1.4921501,-0.79976285,0.46790153,-1.8215798,-1.8567272,24.531,24.485740108489992
26,-1.9861698,-1.2308364,-1.7765981,-0.328753,-0.52576435,-0.09569252,-1.4135174,-1.4542354,-1.7169095,-1.6031345,-1.3896599,-0.5424111,-1.632947,-0.37434965,0.61710954,-0.6032322,-1.7088159,-0.5057154,-1.9028275,-0.8192514,-1.2081192,-1.5839915,-0.8947197,1.8318326,-1.4768422,-0.9171845,0.34012857,-1.6423455,-1.6831257,26.179,26.20326072692871
27,-1.7757742,-1.2745595,-1.6948725,-0.27939886,-0.48302066,-0.49172437,-1.4148499,-1.4470311,-1.7012177,-1.6307243,-1.3127043,-0.37746808,-1.5917896,-0.32046333,0.61710954,-0.67434496,-1.6945956,-0.12582003,-1.7338843,-0.9419095,-1.3458593,-1.5629436,-0.92424715,1.6418061,-1.4328202,-1.0149142,0.796516,-1.6977767,-1.6999936,27.041,26.74959020614624
28,-1.849607,-1.2842411,-1.733042,-0.45403665,-0.49748573,-0.107286595,-1.4165814,-1.4434286,-1.6863824,-1.6547748,-1.1688373,-0.37746808,-1.5420516,-0.50906545,0.61710954,-0.7374695,-1.6538527,-0.5094742,-1.5166991,-0.5366158,-1.5896511,-1.5572906,-1.143857,1.2909489,-1.4653456,-1.2260543,0.6924688,-1.6812524,-1.6913701,25.519,25.550139255523682
29,-1.6960049,-1.322655,-1.6734468,-0.67054725,-0.59367174,0.54508674,-1.4274492,-1.4290296,-1.6767204,-1.6251932,-1.1844006,-0.44344527,-1.5215623,-0.8054402,0.6070027,-0.75078934,-1.641597,0.053838883,-1.304672,-0.40170246,-1.8825368,-1.625076,-1.5240222,1.3744743,-1.4908926,-1.64487,0.61194617,-1.651308,-1.6671492,26.966,26.738849620819092
30,-1.7373363,-1.3304627,-1.696327,-0.5876682,-0.56075126,0.33964005,-1.4291606,-1.4110417,-1.6603602,-1.6049685,-1.1736188,-0.60838825,-1.4832478,-0.9940422,0.61207116,-0.7283578,-1.6354635,-0.1876455,-1.3924847,-0.2554011,-1.9223808,-1.6187494,-1.4926493,1.3470556,-1.4680911,-1.6074921,0.81221604,-1.6550316,-1.654698,28.385,28.42298017501831
31,-1.4964997,-1.3901135,-1.6178252,-0.24489807,-0.8608885,0.24183285,-1.4378825,-1.400256,-1.6416192,-1.4980315,-1.1576612,-0.87229705,-1.430227,-1.734979,0.61710954,-0.44452775,-1.6293263,-0.18774517,-1.3782778,0.035724398,-2.0865865,-1.6384459,-1.754705,1.3400741,-1.4385082,-1.8006724,0.6252785,-1.5842036,-1.5964669,29.664,29.507389621734617
32,-1.2327893,-1.2338033,-1.4138864,0.11497514,-0.9058157,0.6134056,-1.3503225,-1.3858829,-1.6318508,-1.3674119,-1.2045852,-0.90528566,-1.4036942,-1.1152865,0.61710954,-0.20461063,-1.6354635,0.5542133,-1.3748658,-0.06115899,-2.107362,-1.5985975,-1.8137597,1.3252223,-1.4543859,-1.8609331,0.6363927,-1.454349,-1.4607198,28.837,29.03476984024048
33,-1.2058711,-1.1836779,-1.3831972,0.063542396,-0.6898425,1.0632229,-1.3713526,-1.3751087,-1.5998507,-1.5412233,-1.1265801,-0.90528566,-1.3311526,-1.2095875,0.38240686,-0.09568624,-1.6456838,0.050257035,-1.2599254,0.023123287,-1.7616184,-1.5738546,-1.5203313,1.3103704,-1.4568737,-1.6183407,0.9320516,-1.6104808,-1.5997288,26.352,26.617209434509277
34,-1.7791394,-1.1497926,-1.6564857,0.42870566,-0.6152777,1.494157,-1.3776411,-1.3643415,-1.5569903,-1.6251932,-1.2267836,-1.2681602,-1.2925252,-1.5194339,0.3147295,0.09490422,-1.6864607,0.10615113,-1.1553836,-0.043633975,-1.8034321,-1.6112956,-1.5683132,1.0002604,-1.3810694,-1.6634679,0.573234,-1.6542802,-1.67357,29.461,29.440780410766603
35,-1.6644968,-1.1155947,-1.5911808,0.7243893,-0.5904194,1.0571,-1.3603464,-1.3356509,-1.4575245,-1.4111176,-1.0990466,-1.7629893,-1.2906064,-1.6272064,0.3147295,0.11311117,-1.6006366,0.8416382,-0.9042753,0.103374444,-1.7988073,-1.5399159,-1.5941497,0.8588512,-1.3314954,-1.6775986,0.82467735,-1.5080407,-1.5019417,32.947,31.36974937438965
36,-1.2357774,-1.0281487,-1.3423741,1.4205568,-0.5701673,2.2242477,-1.343347,-1.2998391,-1.4273735,-1.1136372,-1.1197565,-2.3567843,-1.2906064,-1.708036,0.32865408,0.09250128,-1.4372478,0.04375626,-0.8071973,0.23003128,-1.9516183,-1.5523863,-1.8875782,0.84399945,-1.37596,-1.9413413,1.4130516,-1.126173,-1.0694263,35.828,35.80901968002319
37,-0.99363756,-1.0704663,-1.2830467,0.9084357,-0.5551984,0.7678522,-1.3801594,-1.2891059,-1.4206755,-0.98700917,-1.1051147,-2.1588526,-1.2906064,-1.3981895,0.32171693,0.22129239,-1.286187,-0.18408144,-0.80001956,0.66656196,-1.8794,-1.600467,-1.8525144,0.79500127,-1.4096708,-1.8984022,1.3370894,-1.0603914,-1.0056398,33.513,33.79723041534424
38,-1.3068888,-1.1622849,-1.4361261,0.65644747,-0.6122035,0.32954097,-1.427855,-1.3141565,-1.4829693,-1.3656716,-1.2106984,-1.8949437,-1.2864393,-1.1287581,0.32865408,0.36505556,-1.3808355,0.097998545,-0.76106095,0.22555718,-1.7603492,-1.5899891,-1.6642773,0.6501648,-1.4025601,-1.702578,1.4698617,-1.3000344,-1.2453878,28.17,28.485810050964357
39,-1.2340226,-1.2072572,-1.4455127,0.8662612,-0.6591666,-0.07712248,-1.3745719,-1.3249006,-1.4890234,-1.4998227,-1.2021326,-1.4990805,-1.2420857,-1.2769454,0.32865408,0.46480808,-1.4663855,0.0966954,-0.3371975,-0.28890583,-1.5582252,-1.5501213,-1.5221767,0.3255838,-1.3399122,-1.5130442,1.0353245,-1.4850528,-1.4631883,28.109,28.383989372253417
40,-1.481045,-1.2216233,-1.5465956,0.86982155,-0.66252077,0.2022572,-1.3302149,-1.3177379,-1.4843718,-1.4251932,-1.1335986,-1.2351717,-1.1709417,-1.3038886,0.3006014,0.41204777,-1.4142997,-0.18346924,-0.26368916,-0.65144503,-1.3881545,-1.5734787,-1.3062577,0.44998324,-1.3856984,-1.3173113,1.390031,-1.5035076,-1.4589564,30.662,30.428180503845216
41,-1.4413465,-1.0826464,-1.4253012,0.55963254,-0.7889297,0.54138094,-1.2970043,-1.2962598,-1.4561019,-1.3761193,-1.0733299,-1.1691945,-1.1179491,-1.3038886,0.13863434,0.4418167,-1.4080329,-1.6792836,-0.4552964,-0.9335593,-1.2658063,-1.5221031,-1.2822667,0.6263004,-1.3655205,-1.3011749,1.1052333,-1.4284977,-1.4001886,30.755,30.657819232940675
42,-1.2712449,-1.081397,-1.3585235,0.5421834,-0.7286976,0.33462137,-1.3114964,-1.267655,-1.4397352,-1.2914982,-1.1352499,-1.2021831,-1.0333492,-1.452076,0.15522806,0.48986235,-1.3283492,-0.2466604,-0.58387595,-1.274464,-1.2542806,-1.5319645,-1.2287483,0.72137713,-1.3142399,-1.3118412,0.7924,-1.1786138,-1.1621838,31.574,31.515489501953127
43,-1.1447282,-0.99254555,-1.2510307,0.3713544,-0.701101,0.753999,-1.2878815,-1.2462267,-1.4223557,-1.3292967,-0.9977702,-1.0042515,-0.94128937,-1.2500023,0.13863434,0.57855093,-1.2438731,-0.18590443,-0.5154646,-0.8879118,-1.0829989,-1.5240009,-1.143857,0.28902557,-1.2908778,-1.2077299,0.60021234,-1.3049382,-1.3079469,28.311,28.79235050201416
44,-0.8935407,-0.92664856,-1.0941019,0.3762103,-0.6975789,1.1457056,-1.2406753,-1.253367,-1.4089079,-1.355249,-0.98484194,-1.03724,-0.83653116,-1.034457,0.13863434,1.2048669,-1.405943,-0.18599862,-0.23867466,-1.0379035,-1.0206285,-1.4302105,-1.0700386,0.2784897,-1.2932553,-1.1433668,0.43203944,-1.3844981,-1.4049771,30.338,30.32142936706543
45,-0.9021684,-0.849977,-1.0538995,0.29682276,-0.7502578,0.647169,-1.2393523,-1.2497971,-1.3857985,-1.4375467,-0.83793235,-1.1032172,-0.7907161,-1.3981895,0.13023661,1.2302881,-1.4850756,-0.18609305,-0.2411783,-1.1408098,-0.9840232,-1.4521741,-1.0386657,0.05063561,-1.2626972,-1.1070828,1.0820768,-1.4879941,-1.4630353,31.108,31.107999801635742
46,-0.59991163,-0.71740234,-0.88494897,0.97616726,-0.73052484,2.1050806,-1.1995621,-1.2319508,-1.3579775,-1.4163917,-0.8452005,-1.4990805,-0.70747226,-1.7888653,0.113234185,1.3235445,-1.5120155,0.32524,0.13200393,-1.2130753,-0.96371454,-1.3489559,-0.90763795,-0.26886788,-1.2190454,-1.0107206,1.0667229,-1.499538,-1.4759651,32.129,31.88677137374878
47,-0.45656902,-0.82874006,-0.89088976,0.979473,-0.71992797,1.1757689,-1.2007489,-1.2034277,-1.3210932,-1.2303141,-0.85660255,-1.6640235,-0.6576785,-1.6945643,0.13023661,1.4668977,-1.3954885,-0.43330812,0.35254192,-1.1660068,-0.81170577,-1.2729435,-0.76738286,-0.2406876,-1.2511517,-0.8585648,1.3998128,-1.2815319,-1.2304467,34.31,34.26745136260986
48,-0.4969312,-0.8084401,-0.891721,0.70074445,-0.73023474,1.9063447,-1.1589966,-1.1891778,-1.2871432,-1.2286265,-0.7335505,-1.7300007,-0.5510015,-1.3173602,0.13863434,1.5141736,-1.3283492,0.10440392,0.35384756,-1.2049875,-0.8633966,-1.1093035,-0.74708277,-0.22951704,-1.2643493,-0.8283889,1.806047,-1.1455842,-1.0681456,34.685,34.81503129959106
49,-0.5469881,-0.7986024,-0.8997187,0.70866567,-0.6951918,1.7985684,-1.0990989,-1.1749387,-1.2517667,-1.1566285,-0.74109495,-1.5980463,-0.4474037,-0.9670991,0.13023661,1.4437721,-1.2756227,-0.06722888,0.10821466,-0.9796276,-0.93837243,-1.099557,-0.8393559,-0.19968656,-1.1918236,-0.88281494,1.437668,-1.0358182,-0.97460663,36.741,36.62042097091675
50,-0.571215,-0.80656624,-0.9265126,0.8301881,-0.7393199,0.8433173,-1.067336,-1.1642653,-1.2058048,-1.0547626,-0.6838285,-1.5650576,-0.3219833,-0.83238333,0.13023661,1.2885015,-1.2162876,-0.18543807,-0.065404914,-1.0542461,-0.8923423,-1.2208308,-0.80798304,0.07576938,-1.2863648,-0.857015,1.463902,-0.8860616,-0.81793946,36.75,36.687100086212155
51,-0.663311,-0.8629378,-0.98165935,1.0408967,-0.74278605,-0.049619164,-1.1115456,-1.135826,-1.174457,-0.9076155,-0.55691236,-1.2681602,-0.25473434,-0.8054402,0.13023661,1.0256126,-1.0408499,-0.06722888,-0.058425874,-0.63236105,-0.99462986,-1.1671021,-0.92240167,-0.068686314,-1.270019,-0.9442607,1.2449056,-0.6407435,-0.5736812,40.275,40.234351272583005
52,-0.075754754,-0.7783024,-0.7484088,1.0217795,-0.8644768,0.8654614,-0.96883905,-1.1109713,-1.1485459,-1.030451,-0.69044226,-1.03724,-0.23197809,-0.7919686,0.15522806,0.76884776,-0.91964465,-0.12582003,0.03453821,-1.0237162,-0.9145331,-1.2204314,-0.82643765,-0.083030336,-1.2730935,-0.85792667,1.3086958,-0.7865084,-0.72255,38.025,37.81964105606079
53,0.15503098,-0.73739004,-0.6646124,0.9084357,-0.8004885,1.1039972,-1.0629878,-1.1038747,-1.1437191,-0.9265464,-0.5353097,-0.93827426,-0.15858534,-1.0479286,0.32865408,1.0818936,-0.99336636,0.31993392,0.1114286,-1.1229627,-1.0152887,-1.1481575,-0.8984107,0.027278977,-1.2759335,-0.93523526,1.1742023,-0.7780457,-0.7209721,40.778,40.55525001525879
54,0.04521858,-0.9285224,-0.8195682,0.7165473,-0.93454224,0.9989194,-1.0229028,-1.100328,-1.1169157,-0.9154935,-0.4499651,-0.87229705,-0.0819662,-1.479019,0.43941474,1.1985908,-1.0149713,-0.18470675,0.06332049,-1.28599,-1.1263736,-1.1614646,-0.9408563,-0.06957488,-1.2304994,-0.9855588,0.9940573,-0.8565973,-0.8132759,44.903,44.94634017944336
55,0.35934857,-0.92118317,-0.7302358,0.6108748,-1.1563381,1.206419,-1.035708,-1.0790548,-1.0838087,-0.8793605,-0.43491018,-1.03724,-0.052222967,-1.6541495,0.54373354,1.1889001,-1.0365404,0.36788794,0.084466584,-0.94967014,-1.0482612,-1.0686076,-0.87995607,-0.22456644,-1.2101846,-0.90086573,1.2600505,-0.7818967,-0.72033644,45.936,46.277190628051756
56,0.3752347,-0.7372339,-0.61623424,1.0472121,-1.0731564,1.296917,-1.0396048,-1.0436426,-1.0273135,-0.61165965,-0.23087893,-1.0702287,-0.050997164,-1.2500023,0.6221183,1.2917687,-0.96305984,1.0521948,0.2671569,-0.6876843,-0.9851758,-1.1202525,-0.951929,-0.4774274,-1.1871881,-0.89977175,1.6376338,-0.59021515,-0.50147897,53.28,52.97866935729981
57,0.056329418,-0.6635293,-0.6451092,0.989346,-0.8507701,1.6701537,-0.97040445,-1.0118192,-0.9944559,-0.7042471,-0.23463207,-0.90528566,0.007188659,-1.2095875,0.7029793,1.470128,-0.9435403,0.19396766,0.58918285,-0.80136347,-0.84809214,-1.0334295,-0.80982846,-0.8201606,-1.1344664,-0.75901175,2.6689672,-0.680793,-0.55019265,48.469,48.362991104125975
58,0.17823847,-0.7795516,-0.6976771,1.1179034,-0.7794475,2.5262222,-0.938269,-1.0118192,-0.968117,-0.94873095,-0.06877932,-1.03724,0.076319054,-1.2769454,0.8009734,1.5168701,-1.0494646,-0.12582003,0.86351997,-1.4278156,-0.7600003,-1.0223516,-0.72493726,-0.93364334,-1.1661599,-0.68033564,1.6602794,-0.9842354,-0.9094344,43.15,43.17724142074585
59,0.3020251,-0.81624776,-0.637177,0.9827722,-0.83177006,1.504834,-0.99768883,-1.0153537,-0.95371,-0.86373544,0.06839952,-1.2351717,0.17851508,-1.7484506,0.8476229,1.2830132,-1.0881598,1.1879591,0.67315924,-1.7258055,-0.8386673,-1.0481753,-0.76738286,-0.61934435,-1.201575,-0.72619206,1.0694275,-0.89996207,-0.8541484,46.837,47.15495121002197
60,0.36699957,-0.7601885,-0.58496666,0.979473,-0.78656805,2.5142736,-0.94210273,-0.9870988,-0.9363145,-0.75884694,0.27886575,-1.1032172,0.23897845,-1.2634737,0.926322,1.2877822,-1.0171298,0.22879818,0.59982,-1.8793821,-0.8450867,-0.9844837,-0.71017355,-0.74120504,-1.1675432,-0.6793328,1.2288759,-0.76356125,-0.70287824,48.149,48.153668518066404
61,0.49505886,-0.77033854,-0.5569437,1.2274078,-0.7074683,2.3122764,-0.959802,-0.96240354,-0.92135173,-0.52663916,0.16586591,-1.2021831,0.40316966,-0.81891173,0.96914876,1.3223544,-0.8957066,0.27358767,0.7146568,-1.8840334,-0.88252354,-0.9857214,-0.7230918,-0.5689499,-1.1853353,-0.6913667,0.5569388,-0.4585917,-0.42132643,54.187,54.60781028747559
62,0.571078,-0.7122493,-0.5085747,1.2817116,-0.73734003,0.7300148,-0.97884125,-0.94125766,-0.92832273,-0.43026298,0.2595123,-0.8063199,0.50719637,-0.42823598,1.0185539,1.2837067,-0.67396826,0.5926545,0.5533398,-1.301588,-0.96314555,-1.0129019,-0.8541196,-0.5288374,-1.1707727,-0.7710456,0.5617381,-0.2294172,-0.17812657,52.979,52.43309001922607
63,0.48980707,-0.63026845,-0.4668743,1.0845326,-0.7108733,0.47065276,-1.012072,-0.9447819,-0.9035948,-0.48756894,0.32455888,-0.5424111,0.5660016,-0.45517913,1.0784756,1.0381894,-0.7071183,-0.075191274,0.39116567,-1.2640061,-0.9098936,-1.0469474,-0.8227467,-0.18470785,-1.21368,-0.734397,0.59644234,-0.39418495,-0.35065025,49.834,49.92082962036133
64,0.5693174,-0.7609693,-0.5316997,1.2870239,-0.8351344,1.3819612,-0.824191,-0.94125766,-0.86669165,-0.4075298,0.38038167,-0.47643387,0.63763434,-0.63030964,1.0893122,0.6971973,-0.6629014,0.5338699,0.040288683,-1.231614,-0.8364497,-0.9749879,-0.7858375,-0.053326793,-1.1680044,-0.6726777,0.92384857,-0.332305,-0.2664478,56.352,55.29075077056885
65,0.73757523,-0.8902647,-0.56533,1.4012522,-0.99750745,0.87082314,-0.949426,-0.8990244,-0.81363446,-0.23075528,0.3014225,-0.47643387,0.7093374,-0.84585494,1.1459346,0.43241864,-0.50486654,0.6526851,-0.032384116,-1.5701318,-0.76433337,-0.8814956,-0.7655374,-0.030350976,-1.1814007,-0.62281,0.7075092,-0.20358749,-0.14216946,58.996,59.578208694458006
66,0.75812787,-0.84654164,-0.5391099,1.7941684,-1.0470307,1.8708038,-0.9360624,-0.85686886,-0.7554663,-0.09724697,0.43354127,-0.7733313,0.7672756,-1.0614002,1.2025185,0.41964635,-0.32258937,0.5944966,0.13007438,-1.5509847,-0.7518301,-0.8433797,-0.76369196,-0.20260614,-1.1726191,-0.617887,0.5273271,0.12631568,0.19834359,64.985,64.64505031585693
67,0.9931709,-1.0710909,-0.63047856,2.1291327,-2.1627285,1.0340884,-0.9221251,-0.7622947,-0.6882083,0.17711458,0.165796,-0.8063199,0.55797,-1.1557012,1.2290058,0.69560707,0.16867982,0.19544487,0.09088185,-0.5666993,-0.764844,-0.79327714,-0.77107376,-0.014229822,-1.0909745,-0.61387575,1.2312291,0.57193804,0.70693487,65.587,64.21786849975587
68,0.7452613,-1.0019147,-0.6240859,2.3247023,-1.7205262,0.51280946,-1.0392427,-0.75180995,-0.56071794,0.35285237,0.51386446,-0.60838825,0.32419616,-0.76502544,1.2626301,0.83892536,0.082767084,1.0573183,-0.044459153,-1.4535595,-0.82289594,-0.7386386,-0.8393559,0.037560973,-1.0989125,-0.6989335,1.750751,0.4655876,0.61395097,62.26,63.76218929290771
69,0.71352065,-0.8064101,-0.5304005,1.9223571,-1.3814574,1.8025832,-0.990651,-0.7867769,-0.51378137,-0.20484982,0.75139743,-0.47643387,0.33471507,-0.75155383,1.3059846,0.75063765,-0.29994276,0.13976361,-0.19164461,-1.3372157,-0.7084553,-0.5900265,-0.7175554,0.17541589,-1.0315375,-0.5860702,1.4253434,-0.27102384,-0.17717713,58.323,58.1484916305542
70,0.6510683,-0.8495085,-0.57234126,2.2846265,-1.2474293,2.894321,-0.95257914,-0.7867769,-0.49607807,-0.19669828,0.77550316,-0.7733313,0.30566117,-0.7246107,1.3356141,0.61476064,-0.47126937,0.74482334,-0.14633681,-1.5754424,-0.6680276,-0.52376103,-0.6769552,0.13911155,-0.98146725,-0.5278152,1.1742023,-0.3357973,-0.25726837,59.412,59.26102897644043
71,0.44845414,-0.799227,-0.5789788,1.635844,-1.1888514,1.5955974,-0.98468065,-0.7448228,-0.55444866,-0.12794384,0.9921573,-0.60838825,0.2768734,-0.7380823,1.3586093,0.43993834,-0.25682813,1.0973219,0.02176517,-1.2901404,-0.6281689,-0.37185407,-0.6621915,-0.06767081,-0.8626775,-0.48961672,1.1478438,-0.22457781,-0.14138393,65.485,64.78351055145264
72,0.4736853,-0.79563546,-0.574351,1.3791866,-1.2042276,2.2306664,-0.7833662,-0.7413306,-0.56002754,-0.23485887,0.9131218,-0.5753997,0.31165797,-0.3339349,1.3922471,0.5357979,-0.32711512,0.123027645,-0.09644499,-1.7183669,-0.6428606,-0.40443456,-0.63266414,0.04124218,-0.8821765,-0.49435735,0.6857727,-0.2719129,-0.21581039,61.631,59.35000057220459
73,0.37699234,-0.85200703,-0.613361,1.2078776,-1.2088796,2.1015337,-0.8438128,-0.73085535,-0.5596736,-0.029852718,0.9003766,-0.8393085,0.3461311,-0.3339349,1.408329,0.6104431,-0.27726495,0.1214164,-0.040647205,-1.6881266,-0.61902124,-0.15501101,-0.5809912,0.0055725407,-0.83851254,-0.45597655,0.39510456,0.06295265,0.12268613,62.685,62.414431228637696
74,0.37890399,-0.7856416,-0.5740969,1.2817116,-1.1561701,0.3218229,-0.8716868,-0.6959728,-0.5489931,0.260793,0.9995745,-0.7733313,0.3959569,-0.23963386,1.4391295,0.5422305,0.015709221,0.68695587,0.11592693,-1.1466196,-0.5853339,0.5484381,-0.55515474,-0.3516316,-0.68775874,-0.43728754,0.016815558,0.48840475,0.5497401,69.444,67.9285500717163
75,0.178863,-0.7612816,-0.6073202,1.0153509,-1.091169,0.5257756,-0.8190944,-0.6750679,-0.54006994,0.3601461,0.93878406,-0.5753997,0.4155461,-0.37434965,1.461117,0.52917355,0.19895941,0.4897008,0.43712628,-1.4987351,-0.6687717,0.9184219,-0.5274728,-0.4977375,-0.7060164,-0.46427265,0.5514171,0.5810601,0.68586826,70.844,71.61188117980957
76,0.32887155,-0.8306139,-0.60698676,1.002407,-1.0798137,1.3034394,-0.7917178,-0.6576627,-0.5285093,0.41932186,1.030123,-0.5094225,0.39486036,-0.45517913,1.4682466,0.6576646,0.24563839,-0.2083739,0.36758503,-1.1402407,-0.7719783,0.6763869,-0.6252823,-0.4445504,-0.7687865,-0.54869217,1.1002259,0.5987848,0.73017424,70.951,71.41206840515137
77,0.5354585,-0.62761384,-0.42680883,0.989346,-1.1442245,0.93996483,-0.8478868,-0.6194132,-0.5009797,0.41091037,0.9496739,-0.37746808,0.3948052,-0.5494802,1.5024935,0.79116774,0.33464137,-0.0055714385,0.38068,-1.3331436,-0.8238151,0.8637384,-0.61420953,-0.43617246,-0.7241209,-0.5321,0.43408385,0.7116611,0.81974155,74.411,73.9715818786621
78,0.6035291,-0.6877331,-0.4639367,1.2763786,-1.1966234,1.4787372,-0.7384647,-0.5881651,-0.49415368,0.4024848,1.1691749,-0.21252507,0.3946698,-0.5360086,1.5038171,1.0127022,0.32525355,-0.00594751,0.46543384,-1.7261378,-0.79164505,0.777961,-0.54961836,-0.46244866,-0.74355227,-0.47065425,0.15950935,0.629716,0.71414745,73.043,72.92913970947265
79,0.38017926,-0.72271156,-0.52807,0.5022275,-1.2052811,1.0592467,-0.7240441,-0.622887,-0.49469206,-0.023294538,1.1904035,-0.04758207,0.3945861,-0.5360086,1.5038171,1.1275859,-0.037297495,-0.20802064,0.40756363,-1.6529232,-0.6904518,0.77748054,-0.47210896,-0.36597562,-0.80097216,-0.40337387,0.85650617,-0.048329838,0.03046326,63.798,63.67677028656006
80,0.23620151,-0.6294877,-0.48778948,0.8804517,-1.1309556,1.3233645,-0.73860395,-0.6541821,-0.5319783,-0.19398373,1.0590457,-0.17953646,0.41568395,-0.4012928,1.5038171,1.1315004,-0.44209304,-0.12582003,0.33881974,-1.6266782,-0.5927162,0.6706567,-0.3576903,-0.4340145,-0.78901374,-0.30837908,0.5576763,-0.22545722,-0.17417134,58.893,58.87513130187988
81,0.018899705,-0.6668085,-0.5572036,1.3466418,-1.1729155,1.7807924,-0.75067717,-0.6507035,-0.5252097,-0.19534084,1.0877577,-0.37746808,0.41568395,-0.49559385,1.5038171,1.1789982,-0.46229777,-0.37836596,0.516922,-1.7353075,-0.52604187,0.51862586,-0.30232647,-0.69487256,-0.6978247,-0.2581467,0.30020654,-0.16467074,-0.12665673,59.083,59.084200325012205
82,-0.023166614,-0.70319235,-0.60397786,1.1621673,-1.0583757,1.7491534,-0.8153923,-0.6124669,-0.5037701,-0.15479194,1.531081,-0.60838825,0.41568395,-1.0075138,1.5024935,1.214588,-0.35424268,-0.16701712,0.7280674,-1.7696079,-0.50695866,0.22102405,-0.2561899,-0.60614276,-0.72264516,-0.20472354,0.08233079,-0.12656304,-0.104581855,61.959,62.33163993835449
83,-0.20233446,-0.7252101,-0.6322296,1.1088809,-1.1312813,1.1079113,-0.6763525,-0.60076356,-0.44904834,-0.31903765,1.4122283,-0.5753997,0.41568395,-0.7380823,1.5038171,1.2479873,-0.39108554,-0.12582003,0.58652437,-1.4261748,-0.4897284,-0.026215242,-0.22297159,-0.5094158,-0.6873398,-0.19022818,0.46441433,-0.32766733,-0.28861308,54.506,56.085970344543455
84,-0.16460913,-0.6580639,-0.58507246,1.4881997,-1.1217532,2.1028564,-0.6799047,-0.5733896,-0.4123066,-0.21029265,1.5230862,-1.1362059,0.41565713,-0.8997412,1.5051372,1.2284938,-0.37115172,-0.6482818,0.6444471,-1.8652322,-0.46841303,0.111275114,-0.19713514,-0.6226447,-0.6503734,-0.15202968,0.8080753,-0.12905924,-0.057659768,59.279,59.54996952056885
85,-0.120891005,-0.6989762,-0.599687,1.2683386,-1.1204758,1.4482348,-0.6161498,-0.5365928,-0.3749055,0.093302205,1.8035234,-1.03724,0.4156015,-0.6033665,1.5051372,1.4019392,-0.0871875,0.036162682,0.7555981,-1.473233,-0.53202355,0.47613946,-0.28202638,-0.6937301,-0.66413033,-0.2226832,-0.13510217,0.31721717,0.34924546,60.442,61.23933094024658
86,-0.0030601583,-0.6535354,-0.541859,1.3939381,-1.0637301,0.6679154,-0.6915105,-0.5152767,-0.3223811,0.34676707,2.019985,-0.87229705,0.43744656,-0.37434965,1.5038171,1.5348088,0.15158194,-0.16741882,0.93612236,-1.625305,-0.4529189,0.8700203,-0.16760774,-0.8630657,-0.627308,-0.11802483,-0.4334458,0.6626519,0.68633455,63.977,64.53231079101562
87,-0.10229126,-0.68820155,-0.5881722,1.403681,-1.0354311,0.63489765,-0.6042118,-0.48585913,-0.29451406,0.5015076,2.0152018,-0.60838825,0.4618944,-0.15880437,1.5038171,1.6549578,0.42808372,-0.42714658,0.9395237,-1.8042696,-0.40489003,0.7112905,-0.027352627,-0.7650694,-0.6689319,-0.03579326,-0.46809322,0.92700756,0.9699351,63.455,65.00921104431153
88,-0.1759687,-0.6646223,-0.59922016,1.3313453,-1.1624,0.9515702,-0.52765787,-0.46931708,-0.2768155,0.43011653,2.1480236,-0.5424111,0.4618944,-0.13186121,1.5038171,1.5347174,0.4757144,-0.25326884,0.8736781,-1.7695073,-0.38007316,0.767871,-0.012588932,-0.80860925,-0.6957263,-0.03014098,-0.44018763,0.7323288,0.7613364,67.489,67.5441491317749
89,-0.026999773,-0.6207431,-0.5348351,1.0056533,-1.1983845,1.0182275,-0.53986794,-0.45658177,-0.31177306,0.5824024,2.1724718,-0.5094225,0.4618944,-0.4686507,1.5051372,1.6841205,0.3857438,1.0279338,1.0816799,-2.1493382,-0.33682963,0.9528722,0.026165769,-0.94329065,-0.65578884,-0.019748075,-0.33195102,0.5952139,0.6263865,74.118,74.3031169128418
90,-0.03654887,-0.7857978,-0.6454851,1.0056533,-1.2657931,1.269196,-0.6335987,-0.45437345,-0.28251484,0.3296879,2.0995765,-0.64137685,0.4665652,-0.81891173,1.4724783,1.7896113,0.19881946,-0.37699646,1.0131719,-1.0281051,-0.42207652,0.7223032,-0.0624164,-0.94087887,-0.6437147,-0.13425234,0.755655,0.4233746,0.52743757,72.356,71.94620204925538
91,0.34310982,-0.74160624,-0.5268857,0.9595252,-1.3345351,1.0312599,-0.5833982,-0.42403278,-0.23157883,0.4169198,2.2176776,-0.67436546,0.5334446,-1.0479286,1.461117,1.9871343,0.20681675,-0.554855,1.208522,-0.4334199,-0.35153595,0.95092946,0.0021747637,-1.3213127,-0.4974068,-0.059587542,1.260999,0.41612434,0.54227877,79.915,79.13136009216309
92,0.46282566,-0.6268331,-0.4224823,1.1650686,-1.2140049,1.584494,-0.551536,-0.40188688,-0.13229436,0.4085042,2.1723754,-0.7733313,0.5715119,-1.1557012,1.43462,2.2078462,0.15909392,0.41260865,1.4336592,-0.9523076,-0.25044477,0.7957543,0.070456855,-1.4845552,-0.3996325,0.011430635,1.6145719,0.3997487,0.53899384,85.799,85.45743232727051
93,0.36591136,-0.6293315,-0.4593078,1.2656485,-1.2021866,1.8658711,-0.5953887,-0.34536147,-0.05824658,0.79884714,2.3807123,-0.9712629,0.6114023,-1.3847181,1.3922471,2.2135708,0.4266217,-0.006445304,1.7525736,-0.8136068,-0.33125642,0.50870156,-0.069798246,-1.5289836,-0.41847023,-0.118571825,1.0829821,0.6896427,0.82647616,94.772,94.74279296875
94,0.80416304,-0.66805774,-0.39699456,1.2683386,-1.1286906,1.506632,-0.4647317,-0.32438713,0.017321344,0.63563675,2.4089503,-1.2681602,0.6536441,-1.8023369,1.3498747,2.1353736,0.3912051,0.14630254,1.6640836,-0.5426642,-0.3321464,0.37935045,-0.027352627,-1.4565018,-0.31471026,-0.09058392,0.44229174,0.5677557,0.66570973,91.687,92.7813787841797
95,0.7873242,-0.68429774,-0.3782237,1.4859256,-1.1244508,1.1308957,-0.5379157,-0.2993869,0.087554656,0.69516516,2.3293679,-1.1362059,0.6954981,-1.479019,1.2944726,1.770275,0.4373794,0.950833,1.7848034,0.21997389,-0.5182948,0.6306039,-0.21743521,-1.6620148,-0.14514706,-0.27756503,0.45296502,0.5776132,0.6768794,92.97,93.45907135009766
96,0.8466015,-0.6860154,-0.3524278,1.60522,-1.0933881,1.514493,-0.5481429,-0.28181013,0.17127675,0.72806937,2.068612,-1.2681602,0.7096688,-1.3038886,1.0729909,1.7209667,0.43374568,0.5896817,1.8070418,-0.37578124,-0.5965095,1.1610142,-0.2469626,-1.8709552,-0.050141692,-0.32570058,0.3241549,0.6765483,0.7756708,95.386,95.26058158874511
97,0.99898875,-0.68429774,-0.31683716,1.7728195,-1.0554186,0.4515314,-0.33272293,-0.25575882,0.26160416,1.1171297,1.9138291,-1.4001147,0.75649595,-0.9670991,0.96272355,1.9015319,0.6995664,0.4426708,2.3620555,-0.07010721,-0.65998876,1.1335124,-0.300481,-2.156693,-0.15771031,-0.40519717,0.8476742,0.97526604,1.1225864,105.454,105.30652160644532
98,0.7893407,-0.72224313,-0.38311473,1.9033211,-1.0638422,0.67650056,-0.3916353,-0.23886281,0.3891157,1.2057133,1.5953764,-1.2681602,0.7899725,-0.84585494,0.8476229,1.9320502,0.93235976,0.9173784,2.5362408,-0.6108458,-0.56009394,1.2097343,-0.18975328,-2.0485418,-0.26350263,-0.2941572,1.6402024,1.2055082,1.398888,112.58,112.67712188720704
99,1.0483718,-0.6346408,-0.29887688,2.065067,-1.0980809,0.115262896,-0.37975714,-0.195618,0.46960407,1.5130994,1.4403377,-1.2351717,0.87641305,-1.2634737,0.72532594,2.2332227,1.3444957,1.1598251,2.3872607,-1.0065949,-0.46575773,0.9179374,-0.1546895,-1.9930698,-0.21597074,-0.22988531,1.1946739,1.5108432,1.7118871,125.398,126.3132527923584
100,1.107978,-0.67180544,-0.29906544,2.2439625,-1.1031146,-0.01810203,-0.43750042,-0.118781984,0.53378886,1.6946684,1.2441363,-1.1032172,0.93022573,-1.4924906,0.7340948,2.1587322,1.8037874,1.2022277,2.393197,-0.70719934,-0.5106061,1.1880645,-0.33369932,-2.056031,-0.14012748,-0.35377967,0.74030316,1.698356,1.8977097,133.88,133.86982482910156
101,1.3867908,-0.5487561,-0.16359682,2.039987,-1.066896,0.295417,-0.41043648,-0.06600747,0.6752391,1.8539675,0.9451985,-1.0042515,0.97055113,-1.5059623,0.7384437,1.9968896,1.9345472,1.9064765,2.5399823,-0.55966103,-0.6388193,0.96647704,-0.53116375,-1.9412789,-0.16448414,-0.53884625,0.40574148,1.6468606,1.8276209,133.371,133.39645233154297
102,1.2336706,-0.70209926,-0.29685676,1.5459187,-1.232664,-0.2592334,-0.40178472,-0.0770777,0.6368172,1.4304341,0.61070246,-0.87229705,0.9704529,-1.3038886,0.7340948,1.7852501,1.5711132,0.20802931,1.9483124,-0.64996785,-0.54223627,0.71895045,-0.47210896,-1.3654872,-0.33054164,-0.48341745,1.5961945,1.3585517,1.5615673,116.666,118.05936073303222
103,1.0102763,-0.98989093,-0.49512607,1.4109403,-2.5203443,-0.31666014,-0.35122457,-0.07072706,0.51195204,1.4205103,-0.20384817,-0.87229705,0.8197608,-1.2500023,0.64672554,1.3272535,1.3669735,-0.732389,1.5103459,0.66570157,-0.7057854,0.22843419,-0.59021854,-1.102979,-0.23686208,-0.63575554,3.619627,1.3804055,1.6418443,104.114,104.13299873352051
104,1.0399479,-0.65993774,-0.29400653,1.1650686,-1.5099939,0.46948382,-0.45645303,-0.1347093,0.13211596,0.7042621,-0.31811765,-0.8063199,0.80112606,-1.0209854,0.10462792,0.1185856,0.7248175,-0.15794998,0.7690466,1.0470743,-1.2467085,-0.7024541,-1.2730393,-0.40151832,-0.56089014,-1.3873266,2.4740274,0.5373853,0.7150819,76.609,77.3209610748291
105,0.5394316,-0.5712423,-0.32760233,1.1475686,-1.1595752,-0.25144437,-0.6324375,-0.26585355,-0.041774467,-0.15613805,-0.7831784,-0.60838825,0.8010343,-0.8054402,-0.558898,-1.1611655,-0.24687319,-1.2978772,0.42200875,0.34911314,-1.5276746,-0.8635062,-1.5258677,-0.30948812,-0.35873106,-1.7329363,2.375091,-0.4590861,-0.3328768,57.309,58.45414867401123
106,0.12894802,-0.70584697,-0.5028984,0.86982155,-1.1361318,0.2945613,-0.57699275,-0.3259998,-0.17680483,-0.80483454,-1.3153547,-0.5753997,0.80088013,-0.71113914,-0.96456665,-1.316664,-0.6682589,-0.76082915,0.93476224,0.3948697,-1.5553802,-1.0571724,-1.535095,-0.89822763,-0.22904527,-1.7570952,0.5915524,-0.99123996,-0.98033637,41.122,41.058241062164306
107,-0.40566254,-0.72645926,-0.67668253,0.64825755,-1.09718,-0.1385142,-0.64819425,-0.30764905,-0.25679952,-0.636867,-1.7291557,-0.34447947,0.86177975,-0.2126907,-0.9851604,-0.9690739,-0.5913897,-2.9336061,0.754254,0.40095216,-1.5366763,-1.0034406,-1.6329044,-0.38070047,-0.1443744,-1.8107007,-0.15644348,-0.69128615,-0.7384263,41.71,41.726749401092526
108,-0.4827292,-0.57139844,-0.59698737,0.32202902,-1.0101453,-0.02377024,-0.5140574,-0.2811927,-0.3253056,-0.6652006,-1.7283128,-0.24551366,0.9170669,-0.104918055,-0.8468067,0.15852243,-0.4994735,-0.89733255,0.45686972,0.43676206,-1.6231049,-0.9514056,-2.0167606,-0.1443415,-0.11527158,-2.1025224,-0.53275406,-0.613674,-0.71850497,39.087,39.995860691070554
109,-0.5349813,-0.59404075,-0.61108106,0.01656291,-1.0287534,-0.23496789,-0.43338,-0.2883861,-0.36634472,-0.7787207,-1.9199588,-0.113559276,1.1543847,0.04326931,-0.92423195,0.25754315,-0.52825236,-0.9963163,0.62444717,0.19503917,-1.7188126,-0.69007593,-2.3046527,-0.4140852,-0.15094286,-2.3644419,0.67713714,-0.73109365,-0.70114726,47.939,45.87982986450195
110,-0.46277055,-0.5596869,-0.55677587,-0.27939886,-0.9755045,-0.76603544,-0.3816868,-0.28105587,-0.36207655,-0.5339092,-1.9847937,-0.04758207,1.3609186,0.110627204,-0.9851604,0.043896474,-0.4779052,-3.7072654,0.72404414,-0.32696643,-1.3741193,-0.5189801,-1.8451326,-0.48694775,-0.21499614,-1.8912001,0.077394255,-0.5279905,-0.5340317,49.647,49.52655941009522
111,-0.45022777,-0.5838908,-0.5623476,-0.06244842,-0.88985425,-1.3511673,-0.30989236,-0.27033827,-0.36138472,-0.28021738,-2.0874033,0.05138373,1.4650606,-0.06450332,-0.92423195,0.5789283,-0.3155948,-1.6698202,1.0268489,-0.33601686,-1.252559,-0.38595498,-1.6310589,-1.1301438,-0.044802055,-1.649793,0.8089028,-0.2654214,-0.20199953,59.029,58.95825950622559
112,-0.4092314,-0.5454769,-0.53333354,-0.08117138,-0.98329693,-0.6866854,-0.18667004,-0.20988771,-0.34649345,0.0894596,-2.1108656,0.11736093,1.5527445,-0.29352018,-0.8657724,1.0582876,0.10845267,-0.429173,1.2806685,-0.21963722,-1.1194729,-0.3219122,-1.535095,-1.0162802,-0.14495404,-1.5522456,0.5378709,0.07643839,0.14577602,69.641,69.75897891998291
113,-0.28235757,-0.43523225,-0.4007416,-0.36478505,-0.87205034,-0.772763,-0.14216761,-0.21207358,-0.31647846,-0.07998135,-1.9499881,0.18333814,1.5525957,-0.32046333,-0.96456665,0.9088582,0.028131284,-1.6421998,1.3349912,-0.38499695,-1.0614501,-0.005299566,-1.4944948,-1.24058,-0.09414032,-1.5135913,0.13592698,-0.07745982,-0.046936207,64.152,63.571290283203126
114,-0.23102346,-0.5245523,-0.45406374,-0.5474459,-0.85556465,-0.93252844,-0.23853208,-0.18753147,-0.2739277,0.2247443,-1.8318802,0.05138373,1.5525217,-0.50906545,-0.96456665,0.63820153,0.0983177,-0.490096,1.4568379,-0.45263338,-0.91874945,0.17480133,-1.1899936,-1.2635558,-0.097402215,-1.2409142,-0.10914123,0.12579164,0.14579746,71.045,71.00702850341797
115,-0.22292925,-0.43491995,-0.40022308,-0.67054725,-0.7405058,-0.6270622,-0.21275602,-0.17334208,-0.21793756,0.09714309,-1.7189581,0.15034954,1.5893326,-0.522537,-0.9851604,0.47663167,0.035176884,-0.21477693,1.6754762,-0.41193533,-0.8253324,0.17295553,-1.0884932,-1.4618334,0.01028987,-1.1244043,0.82384485,-0.049215242,0.027832767,69.408,69.58324714660644
116,-0.19907083,-0.35777992,-0.32449338,0.046066873,-0.76794463,-0.51408607,-0.22656995,-0.15125814,-0.123334475,0.09202237,-1.7180461,-0.04758207,1.5891467,-0.57642335,-1.0487299,0.6632191,-0.035042696,0.44768983,1.8516024,-0.74794334,-0.7865387,0.30415508,-1.0054474,-1.5086735,0.0698962,-1.0508336,1.3583848,-0.007984305,0.0969529,75.715,74.4066879272461
117,-0.17942235,-0.33872914,-0.30267912,-0.17111129,-0.8748751,-0.6934076,-0.33802283,-0.12657376,-0.059505988,0.2830396,-1.5927699,-0.14654787,1.6282749,-0.48212227,-1.0487299,1.0902288,0.076420836,0.43909672,1.9143285,-0.4292082,-0.7659237,0.49878377,-0.8725742,-1.7179946,0.33159533,-0.98811144,0.6495002,0.07148533,0.14679316,77.99,78.45476875305175
118,-0.1892609,-0.42961073,-0.37991956,0.6927827,-0.82716894,0.025005575,-0.16596729,-0.12272825,-0.0011914243,0.21475422,-1.6083019,-0.44344527,1.6465691,-0.7380823,-1.0487299,0.97574836,0.036517017,-0.12582003,1.6783254,-0.44252318,-0.6917065,0.6682696,-0.80244666,-1.3032875,0.17448828,-0.92192507,0.21171805,0.06192224,0.10864765,74.47,74.40439094543457
119,-0.24119167,-0.37261453,-0.39975742,0.8733734,-0.86682826,-0.91044855,-0.43933117,-0.11793174,0.07102654,0.44686362,-1.462425,-0.44344527,1.6464175,-0.5360086,-1.0705388,0.8346372,0.16928487,-0.34548312,1.4568379,-0.14814176,-0.6481858,0.39668724,-0.79137385,-1.1017096,0.15013681,-0.8839089,0.9940573,0.16792832,0.26674128,78.326,78.94512718200684
120,-0.24164867,-0.3073422,-0.35263246,0.68076366,-0.7448016,-0.047937524,-0.11812276,-0.1249747,0.10380604,0.24093579,-1.4594947,-0.44344527,1.6462656,-0.41476437,-1.0272352,0.6365284,0.08635814,0.47154856,1.0501286,-0.18004662,-0.7164504,0.60871327,-0.8762651,-0.99216187,0.21633798,-0.9848295,1.2105669,0.08743827,0.1912983,76.387,76.28899085998535
121,-0.2669139,-0.24347527,-0.31657964,0.20290148,-0.77524847,-0.13040324,-0.1350776,-0.122523345,0.116598755,0.44447392,-1.2788029,-0.41045666,1.6461164,-0.11838964,-0.96456665,0.85377455,0.21526106,0.31186214,0.97493947,-0.27168918,-0.56506896,0.87630427,-0.7230918,-0.907621,0.20709649,-0.80459464,1.0911398,0.29524842,0.40647048,81.203,81.99346183776855
122,-0.27271518,-0.21271294,-0.29066417,0.057736076,-0.8768143,-0.5927892,-0.11473209,-0.120822854,0.07647316,0.5520689,-1.1479106,-0.21252507,1.645928,-0.037560165,-0.88499475,0.79292685,0.28486612,0.26912194,0.8709678,-0.34457663,-0.47171026,0.67495406,-0.60867316,-0.81444836,0.32995412,-0.68516743,0.07963436,0.41529828,0.47676277,84.293,84.4382495880127
123,-0.32277727,-0.14353678,-0.25648543,0.12059948,-0.8695869,-1.0414784,-0.16468827,-0.12466836,0.07401976,0.52155674,-0.9454042,-0.04758207,1.6457397,-0.06450332,-0.88499475,1.0702144,0.31734753,0.034972224,0.30359328,0.40849987,-0.6022724,0.4488232,-0.7821466,-0.30237958,0.39103323,-0.87971526,-0.2362166,0.38776508,0.41347593,73.744,73.1710912322998
124,-0.24032456,-0.23769757,-0.30418298,0.45666048,-0.88766056,-0.21982129,0.108799554,-0.12776506,0.076295264,0.3771243,-0.94469863,0.018395131,1.6456271,-0.010617007,-0.92423195,0.8154018,0.25405255,0.8705471,0.08382605,0.20666571,-0.67806524,0.29484192,-0.8965652,-0.3608981,0.44865295,-1.0024245,0.37997174,0.27307567,0.3463037,75.336,75.24522872924804
125,-0.32207695,-0.14697216,-0.2625343,0.3762103,-0.95811284,-0.31534776,-0.105492875,-0.113951445,0.060685355,0.3783348,-0.8559318,0.15034954,1.6454389,-0.13186121,-0.92423195,0.2289096,0.27070516,1.4638795,0.4660923,0.3189785,-0.70142317,0.64298975,-0.8744196,-0.8525298,0.33177763,-1.0132732,0.4351072,0.24023773,0.31455523,76.32,76.10487960815429
126,-0.33227924,-0.16024524,-0.2763279,0.21891175,-0.83080304,-0.068768784,-0.015135102,-0.103138536,0.089384474,0.44925192,-0.8223694,0.18333814,1.6452506,-0.104918055,-0.9044792,0.5280439,0.2775152,0.059225533,0.5268442,-0.0030466767,-0.7061356,0.6892873,-0.83012855,-0.6636458,0.45351347,-0.9904818,0.09870649,0.25213835,0.30305472,76.599,76.44458923339843
127,-0.34793907,-0.13541678,-0.24849351,-0.025559744,-0.6958535,0.17204887,0.06647655,-0.0911745,0.13974208,0.41211295,-0.807112,0.18333814,1.6426928,-0.051031742,-0.9044792,0.66297084,0.21535407,-0.48241302,0.6597972,0.19939572,-0.6207282,0.96210235,-0.74892825,-1.1938667,0.5609004,-0.8881937,-0.29917184,0.28754848,0.29688442,75.242,74.86160900115966
128,-0.36036366,-0.080919065,-0.20146053,-0.328753,-0.68440664,-0.42403215,-0.090680204,-0.06536349,0.23737887,0.55323815,-0.7985238,0.08437233,1.6440837,0.029797731,-0.9044792,0.6491682,0.23739089,-0.24244517,1.2022934,0.019250609,-0.49932835,1.047355,-0.6105186,-1.3799582,0.6479129,-0.751992,0.026020074,0.38499254,0.4392098,81.893,81.80110794067383
129,-0.3703041,-0.021424431,-0.16247812,-0.13849437,-0.72715545,-0.03685515,0.07783139,-0.04653145,0.3116003,0.619492,-0.7789389,-0.080570675,1.6439716,-0.23963386,-0.9044792,0.46768293,0.26130098,0.20365165,1.0323226,0.10459094,-0.4285689,1.1320409,-0.5662275,-0.8935309,0.69614524,-0.68115616,-0.025060236,0.43817976,0.49153042,84.253,84.6052286529541
130,-0.2731596,-0.05218675,-0.17970718,0.18132722,-0.7023175,0.39445952,0.15668562,-0.01663463,0.38810712,0.7133456,-0.69251496,-0.34447947,1.643896,-0.63030964,-0.92423195,0.2998344,0.40173107,-0.32100952,0.73880684,0.14148104,-0.35365143,1.7519836,-0.49056357,-1.1550236,0.7598726,-0.5761331,-0.25225532,0.57565635,0.6150704,89.146,89.12249198913574
131,0.18166077,-0.07248676,-0.037499875,0.30694938,-0.7904617,-0.6775287,-0.08060256,0.0075732307,0.47885904,0.8288905,-0.673725,-0.21252507,1.6438223,-0.38782123,-0.9442592,-0.22632083,0.5272729,0.837846,0.8398463,-0.2022042,-0.2932068,1.7687074,-0.40013593,-1.3200433,0.6051217,-0.48077366,-0.90249807,0.7586015,0.7180745,89.171,88.91535842895507
132,0.14860758,-0.19990833,-0.13117492,0.0922977,-0.86567795,0.028953575,0.034505382,0.03162384,0.5509279,0.94303507,-0.6359454,-0.47643387,1.6437835,-0.32046333,-0.96456665,-0.5165292,0.6126357,0.12485587,1.0336934,-0.57325715,-0.24837305,1.8021948,-0.300481,-1.4299718,0.7390815,-0.39626294,-1.623427,1.0062398,0.84821063,88.578,88.60309158325195
133,-0.50597614,-0.11902062,-0.26424745,0.022502175,-0.6941128,-0.29919216,-0.048110493,0.070403665,0.6163212,1.2847188,-0.5129234,-0.5094225,1.6437835,-0.11838964,-1.0060478,-0.13088562,0.98851395,0.088582374,1.2848393,0.08390201,-0.2897199,1.6206888,-0.32816294,-1.5683345,0.7901989,-0.43227342,-1.3371359,1.3184186,1.2595669,102.857,102.64398086547851
134,-0.4829967,-0.13338678,-0.2658433,0.17589052,-0.7380577,-1.1527425,0.017030561,0.10571919,0.6904551,1.4925495,-0.6211258,-0.47643387,1.6437835,-0.010617007,-1.0926697,-0.3101818,1.2558928,0.8334862,1.5937696,-0.116380006,-0.23941505,1.4822369,-0.24142621,-1.9855804,0.9920977,-0.3742008,-1.5062853,1.5864458,1.5269684,109.533,108.8569580078125
135,-0.43863848,-0.1861668,-0.2974305,0.21359102,-0.6889925,-1.2199289,0.06456826,0.12973917,0.73101413,1.6108712,-0.6171621,-0.24551366,1.6437835,0.016326152,-1.1151301,-0.3011313,1.4250096,-0.1617037,1.5054104,-0.6861458,-0.22762667,1.490737,-0.2082079,-1.737797,0.95753366,-0.35997894,-1.5368453,1.5819908,1.5159097,100.9,101.40440101623535
136,-0.09401495,-0.13885216,-0.17321797,0.3320095,-0.7166502,-0.57892716,0.09987452,0.12973917,0.7534397,1.4353904,-0.5997997,-0.24551366,1.6433698,-0.19921911,-1.1151301,-0.20228514,1.2724304,0.115574725,1.5534183,-0.072151735,-0.3136614,1.5859859,-0.324472,-1.7860335,0.8999741,-0.47038075,-1.8152405,1.428628,1.283452,96.264,97.24915046691895
137,0.07094671,-0.106372155,-0.1046846,0.2712393,-0.8369973,-0.66794616,0.08968787,0.14956373,0.7360005,1.4383621,-0.48960373,-0.113559276,1.3407837,-0.37434965,-1.1610726,-0.28399625,1.2354747,0.34174544,1.4631654,0.5135665,-0.23055917,1.7950871,-0.22297159,-1.8435365,1.1159654,-0.38760218,-1.9724634,1.5297533,1.3624692,97.304,98.41074096679688
138,0.120664544,-0.032823667,-0.036998585,0.075099394,-0.65794,-0.0092664715,0.12542465,0.1734741,0.7385193,1.292861,-0.39968902,-0.080570675,0.6393407,-0.37434965,-1.0926697,-0.26065204,1.2121162,-0.16104527,1.5039998,1.1338764,-0.44896513,1.5027435,-0.5293183,-1.8118019,1.4499466,-0.7160726,-2.2685897,1.5338104,1.2946346,86.333,86.7372297668457
139,0.16077036,-0.17320602,-0.13583718,-0.01948282,-0.6974466,-0.32984227,0.11051214,0.18997121,0.7392399,1.3575627,-0.3429657,-0.21252507,0.62450796,-0.71113914,-1.1379285,0.15883696,1.1821626,0.5534804,1.0961051,0.9170167,-0.43383574,0.4836835,-0.5717639,-1.2151923,1.1031144,-0.745975,-2.4939346,1.4945378,1.1892059,85.515,85.87524963378907
140,-0.030022824,-0.04047521,-0.06438802,-0.23126906,-0.48480716,-0.6386388,0.085002616,0.19510944,0.7328397,1.2417678,-0.23638164,-0.31149086,0.62450796,-0.56295174,-1.1610726,0.31022233,0.9494667,1.2339716,1.0857995,0.63562316,-0.3805254,0.9528722,-0.47764534,-1.526191,1.2776022,-0.660188,-2.223824,1.3900115,1.140074,86.322,86.34508888244629
141,0.49326196,-0.015490583,0.071553126,-0.4693086,-0.39209235,-0.44888803,0.26924774,0.20917562,0.7339612,1.2908263,-0.27082983,-0.31149086,0.62450796,-0.57642335,-1.1379285,0.15619312,0.8836947,0.066964954,0.96676075,0.98155224,-0.37206346,0.8864611,-0.40013593,-1.2367718,1.3177156,-0.61259943,-1.4962817,1.1755979,1.0672216,97.16,97.07831298828125
142,0.4823236,0.052436363,0.113156974,-0.52368647,-0.34355652,-0.23071852,0.16474628,0.21098843,0.7372787,1.1642094,-0.14483018,-0.5424111,0.62450796,-0.71113914,-1.1610726,0.18117008,0.7425071,-0.12582003,0.69456315,0.818985,-0.37544826,0.7539471,-0.3300084,-1.0138683,1.0108749,-0.57184833,-1.1040354,0.93299735,0.8744451,98.563,98.78770248413086
143,0.62053454,0.054154057,0.18032676,-0.95997477,-0.30252296,-1.0197946,0.012486675,0.23175445,0.7602272,1.2458738,0.052602004,-0.34447947,0.62450796,-0.50906545,-1.1379285,-0.7517295,0.85394996,-1.4511607,0.5314774,0.58439577,-0.2750428,1.1040938,-0.21558975,-1.1226543,1.3012533,-0.44084302,-1.2105632,1.100408,1.0405203,100.274,100.08071128845215
144,0.8221664,0.05743329,0.22262275,-1.1204989,-0.2452226,0.006020004,0.21755546,0.24807864,0.7548601,1.3645934,0.14731413,-0.37746808,0.62450796,-0.4012928,-1.0926697,-1.4442341,0.992074,0.039699193,0.75022274,0.32718727,-0.15553957,1.1851119,-0.13808034,-1.1913279,1.2549071,-0.33062354,-1.7808977,1.3456028,1.1969442,102.204,101.2003913116455
145,0.9750415,-0.031574436,0.18461189,-1.5043706,-0.20956893,-0.76998574,0.20034994,0.26409104,0.738612,1.5384352,0.029498482,-0.24551366,0.62450796,0.04326931,-1.0272352,-1.0877594,1.25844,0.07110028,0.7300793,0.21779136,-0.09165182,1.1359669,-0.09748018,-1.1588317,1.186732,-0.25696155,-1.9443339,1.6274511,1.4803909,106.158,104.03596794128418
146,1.1566666,-0.009869043,0.24749883,-1.7902429,-0.2138036,-1.1852187,0.13204171,0.27681345,0.681363,1.5646223,0.15015864,-0.21252507,0.62450796,0.1779851,-1.0060478,-0.7853756,1.310842,0.55636746,0.69790936,0.09274971,-0.092133276,1.1359669,-0.10670749,-1.1862504,1.1756397,-0.26252267,-1.7267277,1.6279964,1.5287845,103.321,102.23576927185059
147,0.86303836,-0.009400581,0.18219166,-1.2052695,-0.18418127,-0.8901745,0.29631934,0.26094264,0.6658994,1.4284506,0.08535134,-0.113559276,0.62450796,0.27228615,-0.96456665,-0.64691466,1.1779145,0.1592808,0.46279794,0.5673836,-0.17320755,0.6911998,-0.17683505,-0.6814171,1.0043917,-0.35377967,-1.6676141,1.4793494,1.3732994,94.655,94.38759910583497
148,0.9262759,-0.072799064,0.14174215,-1.1731093,-0.24091668,-0.7237921,0.29028025,0.25461242,0.662132,1.2119108,0.15879083,-0.01459347,0.62450796,0.25881457,-0.96456665,-0.9231271,1.0285258,-0.7943898,0.2892671,0.8888567,-0.20482317,0.8121222,-0.21743521,-0.8421209,1.074316,-0.39124882,-1.4314342,1.2504432,1.1647367,82.303,85.73200088500977
149,0.83997846,0.025265584,0.20924766,-0.7046459,-0.14795756,-0.7210688,0.39410236,0.25682345,0.6768501,1.1558696,0.12775177,-0.01459347,0.6244794,0.029797731,-0.96456665,-0.7122784,0.9269984,-0.0599912,0.11913954,0.5590351,-0.16098149,0.7419536,-0.1546895,-0.7264802,1.0863523,-0.3157635,-1.5895542,1.3006991,1.1882973,87.895,87.70261703491211
150,0.97089815,0.009806349,0.22505793,-0.80136186,-0.19547543,-0.4221736,0.29237542,0.30126774,0.6913832,1.3946203,0.09883413,-0.080570675,0.6244794,-0.15880437,-1.0272352,-1.2972256,1.1779145,0.1302604,0.20168008,0.024735058,-0.09354847,0.77459717,-0.084561944,-0.89111906,1.211065,-0.22942948,-1.9397588,1.6405954,1.4964068,94.131,93.55572898864746
151,0.8206323,-0.068739064,0.13226703,-0.7923856,-0.053675104,-1.0672729,0.31063524,0.3379209,0.71251833,1.5723583,0.05462983,0.05138373,0.5953509,-0.037560165,-1.0060478,-1.4336472,1.3254768,-0.028389357,0.5149373,0.4687879,-0.034460686,1.0659217,-0.025507167,-1.0442065,1.3568699,-0.15458232,-1.8745358,1.7437537,1.6282488,94.514,95.7359895324707
152,0.50821954,0.14097562,0.22884177,-0.40891042,0.13883437,-0.49707785,0.46420407,0.3587128,0.7579216,1.504302,0.020554336,-0.01459347,0.5953509,0.07021247,-0.96456665,-0.90765053,1.1832125,0.12792006,0.57390517,0.55553555,-0.07758747,0.8376689,-0.032889012,-1.045349,1.2675949,-0.16488406,-2.154325,1.5944778,1.3931061,89.491,90.15142807006836
153,0.453434,0.22670412,0.2933464,-0.25174907,0.19295874,-0.5194902,0.4536712,0.3457331,0.77897483,1.2191339,0.1598869,-0.01459347,0.5953509,0.110627204,-0.96456665,-0.7742529,0.90223604,0.48101658,0.48323575,0.7369875,-0.14817184,0.95578647,-0.13623488,-1.0175495,1.2550743,-0.24675098,-2.175696,1.3343452,1.0882809,86.531,86.57829872131347
154,0.19146007,0.23466797,0.23159543,-0.3940915,0.20398313,-0.75203824,0.39617127,0.34479845,0.7933672,1.1244801,0.32763016,-0.04758207,0.60454726,-0.11838964,-0.96456665,-1.0873061,0.7706137,-0.7451957,0.6704868,0.67572826,-0.11048696,0.9630748,-0.08271648,-1.0636281,1.1951286,-0.19369248,-2.113325,1.1339606,0.873401,87.86,87.49411010742188
155,0.050534025,0.1461287,0.13019173,-0.40148798,0.1936713,-0.82456195,0.44919723,0.3600804,0.80346787,1.1694145,0.2700074,-0.04758207,0.62023157,0.056740887,-1.0060478,-1.2736872,0.7982294,-0.0933793,0.7946306,0.6671668,-0.040500768,1.047843,0.015092996,-1.1326824,1.1700896,-0.08848711,-1.8634549,1.1281108,0.93000895,94.757,94.65368301391601
156,-0.016950741,0.117396384,0.111166745,-0.40148798,0.22751303,-0.53794867,0.369118,0.40200797,0.8027784,1.4105659,0.38446853,-0.21252507,0.62503606,0.1779851,-0.9851604,-1.340734,1.1252432,-0.50169766,0.82363445,0.07913656,-0.016690584,0.8613223,0.08337509,-0.8051819,1.0294505,-0.033787612,-2.050029,1.5833409,1.4054571,95.309,95.40537864685058
157,0.07839268,0.13113792,0.1387413,-0.07490965,0.25448868,-1.0801691,0.3767234,0.3801868,0.7936627,1.3354084,0.37465057,-0.17953646,0.62503606,0.2992293,-1.0060478,-1.045202,1.1598321,-0.36375824,0.5599703,0.32780576,0.019185184,0.7314062,0.16642088,-0.6614878,1.0580215,0.029481469,-1.6555597,1.4976908,1.39657,92.939,92.81443283081055
158,0.3544272,0.20047027,0.24384835,0.13736877,0.3248239,-0.7997724,0.37666816,0.36401713,0.7568123,1.2724814,0.29315606,-0.080570675,0.62503606,0.33964404,-0.9851604,-1.0428945,1.0428414,-0.1590916,0.6078027,0.22252615,0.027165681,0.51720756,0.21071196,-0.8281577,0.8471309,0.061116006,-1.1930318,1.3174232,1.285501,92.021,92.55516258239746
159,0.33216798,0.23513643,0.27088827,0.063542396,0.30410862,-0.90997285,0.44893768,0.367218,0.74530584,1.2571465,0.36399502,0.018395131,0.62503606,0.27228615,-1.0705388,-1.0870541,1.1169388,-0.4721049,0.5798812,-0.27723667,0.12191038,0.6239383,0.29375774,-0.65691805,0.7082554,0.16577438,-0.9763631,1.3743137,1.3860474,94.51,94.75146209716797
160,0.25727355,0.27183262,0.28302163,-0.06244842,0.28270113,-0.9816146,0.53009504,0.3856198,0.73984885,1.23766,0.4030607,0.018395131,0.62503606,0.056740887,-1.1151301,-0.9131609,1.217373,-0.29705736,0.7227026,-0.011175381,0.11050134,0.39481235,0.2716122,-0.6703735,0.407687,0.13468683,-0.880133,1.265059,1.2807903,95.773,95.15941184997558
161,0.33038196,0.3914465,0.39863282,-0.19761403,0.3874023,-0.4089956,0.5990719,0.4007765,0.74743026,1.2397139,0.20434079,0.018395131,0.62503606,-0.104918055,-1.1151301,-0.60525095,1.2039037,-0.059421584,0.6497839,-0.24706624,0.1777301,0.458237,0.3288215,-0.8630657,0.5662387,0.20707248,-0.39839822,1.23624,1.3162668,104.671,104.3747380065918
162,0.3704695,0.3755188,0.378396,-0.328753,0.3925633,-0.604322,0.4025059,0.4192852,0.74883133,1.3101221,0.39929333,0.05138373,0.62503606,-0.13186121,-1.1379285,-0.66124064,1.1707143,-0.09250642,0.8013701,-0.042865574,0.2136788,0.5579143,0.29744866,-0.7890607,0.7133414,0.20907813,-0.59364116,1.1876088,1.2380253,106.573,105.97766815185547
163,-0.11501542,0.39644343,0.28882444,-0.19761403,0.5122945,-0.7781101,0.48437983,0.42221376,0.75104237,1.3040369,0.4132714,0.15034954,0.62503606,-0.024088586,-1.1379285,0.050928045,1.1341845,-0.2278001,0.8351161,0.19337629,0.2531582,0.64584994,0.3103669,-1.0090446,0.59182274,0.23296358,-0.66831917,1.093134,1.1238554,106.29,105.4263606262207
164,-0.13511546,0.43392035,0.33134463,-0.15799616,0.4825602,-0.563985,0.4143126,0.4263724,0.74011993,1.2026117,0.4571704,-0.04758207,0.62503606,0.110627204,-1.1151301,0.20065671,0.89205974,-0.059421584,1.0268489,0.5425289,0.3015956,0.628223,0.31405783,-1.012599,0.58667564,0.27763483,-1.026908,0.96392715,0.9229588,100.538,100.78246185302734
165,-0.40605363,0.5647773,0.3714124,-0.18431598,0.54239523,-0.34558386,0.54712987,0.44070747,0.75440216,1.0675128,0.45835924,-0.21252507,0.62503606,-0.024088586,-1.1379285,-0.056882314,0.762535,0.06942506,0.9211676,-0.50563604,0.34488288,0.5437016,0.40263999,-0.9539535,0.45495334,0.35995758,-1.5233307,0.945763,0.80253273,93.864,92.51066947937012
166,-0.30891457,0.55275345,0.38230518,0.17589052,0.5473781,-0.63607466,0.61390656,0.46127948,0.779941,1.0981821,0.41820472,-0.47643387,0.62503606,-0.32046333,-1.1151301,0.38123977,0.79626095,-0.059878033,1.0693265,-0.048227347,0.3897458,0.7160776,0.4358583,-1.0307511,0.36853924,0.3899511,-1.4555705,0.9514048,0.8238022,97.625,97.57878021240235
167,-0.021576494,0.47186574,0.3943086,0.41455007,0.5995836,-0.9116082,0.609777,0.48017484,0.84482044,1.1087168,0.1599323,-0.60838825,0.62503606,-0.15880437,-1.1610726,-0.15078418,0.91683453,0.036471657,1.0077049,-0.18830651,0.41839972,0.5290294,0.4561584,-0.8794407,0.43585917,0.4076373,-1.4871805,1.0171113,0.89085674,94.617,94.51397735595702
168,0.05747685,0.5393242,0.4776163,0.9324973,0.627053,-0.48302072,0.6356218,0.48877126,0.8717424,1.1642094,0.38114572,-0.60838825,0.62503606,0.0028545726,-1.1610726,-0.579792,0.9770156,-0.6910172,1.0398535,-0.46137032,0.43449205,0.51720756,0.41555822,-1.0734024,0.58241415,0.4012557,-0.9800118,1.079181,1.0588473,100.817,100.47532127380371
169,-0.22194912,0.5212104,0.39407864,0.5022275,0.67472357,-0.95603,0.46557957,0.50472784,0.88883674,1.2366316,0.5982584,-0.5094225,0.6238642,0.15104194,-1.1379285,-0.13778147,1.1837013,-1.0833497,1.1518683,-0.1421155,0.46135145,0.36390528,0.4653857,-1.0235156,0.5148699,0.456411,-0.8281762,1.2141117,1.2327724,100.804,101.0243309020996
170,-0.3094836,0.59710115,0.42565778,0.39069024,0.74890155,-1.0888766,0.73650295,0.51931614,0.8931722,1.3080947,0.5926468,-0.24551366,0.5480932,0.2992293,-1.1151301,-0.7304451,1.2368454,-0.9476845,1.1394591,-0.39073527,0.4057068,0.36671257,0.47830394,-1.1004401,0.53666365,0.4572315,-0.713921,1.3239291,1.3707675,102.069,102.38980010986329
171,-0.14635436,0.61708885,0.49486148,0.35179698,0.78546625,-1.3368945,0.7280145,0.53422576,0.8928352,1.2826813,0.6651462,0.018395131,0.4815715,0.31270087,-1.1151301,-0.82308424,1.3168813,-1.0871034,1.0906068,-0.33501163,0.41154262,0.4540001,0.50229496,-0.9908925,0.447032,0.48649573,-0.90346974,1.2702261,1.2827706,102.177,102.34550148010254
172,-0.13056052,0.72998816,0.5856449,0.35670757,0.8145694,-1.0586365,0.7402011,0.5445914,0.8848858,1.2796227,0.75016403,0.018395131,0.4815715,0.15104194,-1.0926697,-0.9697002,1.4122382,-0.3859844,0.9919959,-0.7489349,0.4805659,0.53234106,0.5392042,-1.0623587,0.5831245,0.5496736,-0.75098264,1.2584472,1.2933381,105.794,104.75422889709472
173,0.011848308,0.7293635,0.62438357,0.06933079,0.84510285,-0.65285844,0.65743744,0.5534295,0.87287617,1.2366316,0.895385,0.08437233,0.4815715,-0.104918055,-1.1151301,-1.2093256,1.3641933,-1.0337918,0.94973224,-0.5814523,0.5141803,0.56312907,0.5576588,-0.8619233,0.51147157,0.5772057,-0.38652357,1.1109548,1.1809824,103.588,104.05935806274414
174,0.18834573,0.74857044,0.6775551,-0.013426639,0.86936057,-0.8564267,0.7020757,0.5521721,0.8470244,1.2119108,0.7398722,0.11736093,0.4815715,-0.25310543,-1.1151301,-0.91721934,1.1936657,-0.75911695,0.80204517,-0.4408092,0.5241304,0.48462674,0.52997684,-0.7140403,0.5209484,0.5649895,-0.6395743,1.1101961,1.1467247,96.535,95.41209190368653
175,0.3463347,0.7688705,0.7669496,-0.0073883734,0.91225183,-0.7643577,0.86356634,0.5527351,0.81087375,1.1433363,0.7581848,0.21632674,0.48148727,-0.22616228,-1.1151301,-0.60037637,1.0992196,0.33333537,0.51758313,0.034315377,0.5517047,0.3480094,0.5724225,-0.3691491,0.38487104,0.59817386,-0.48478386,1.0155499,1.0644153,93.212,93.34842826843261
176,0.5304962,0.8987905,0.94007033,-0.0937599,0.9597952,-0.5362146,0.61159587,0.55117965,0.773964,0.8763846,0.73333615,0.18333814,0.48140332,0.09715562,-1.1151301,-0.6309843,0.8011344,0.9967241,0.37805942,-0.03892304,0.50406975,0.38497108,0.52074957,-0.26886788,0.31279305,0.53900725,-0.36424372,0.6909548,0.7263067,84.397,86.0360717010498
177,0.18128397,0.9105021,0.8551173,0.10933194,0.9755479,-0.8818316,0.70660555,0.53637826,0.7099854,0.65173,0.9135984,0.24931534,0.48131913,0.1779851,-1.1151301,-0.30093002,0.49359602,0.18316032,0.2450819,-0.1433763,0.5933725,0.2071405,0.6407046,-0.1258085,0.3191867,0.6497737,-0.45316362,0.5329336,0.54231185,75.789,76.0676008605957
178,0.34947917,0.96812284,0.96046466,-0.29337296,1.034762,-0.27449057,0.9056435,0.51215607,0.62843806,0.21975064,0.86771977,0.34828115,0.48120588,0.24534298,-1.0487299,-0.949159,0.21026872,-0.53721076,0.15196864,-0.17472914,0.606722,0.17895477,0.6554683,0.05622089,0.33560637,0.65925497,-0.36675322,-0.13623247,-0.17177,59.29,59.956990814208986
179,0.109093994,0.85553586,0.7860769,-0.67054725,0.98985523,-0.79369485,0.60399896,0.46221006,0.46384636,-0.32600206,0.7161041,0.48023555,0.48112193,0.6090756,-1.0705388,-1.3361121,-0.18581082,-1.4091605,-0.30049533,0.24048223,0.58915615,-0.12215191,0.62778634,0.45569548,0.50663996,0.6335462,0.07560677,-0.5273042,-0.5334952,47.217,46.99402950286865
180,0.049201522,0.8563166,0.7769306,-0.7745456,1.0202308,0.12768956,0.73460627,0.48196793,0.3959648,-0.232122,0.5299422,0.48023555,0.48103774,0.8919788,-1.0705388,-1.8697014,-0.09480433,-0.972235,-0.46452394,-0.16115348,0.64188284,0.055827063,0.6776138,0.49898142,0.38831493,0.6861489,-0.91959876,-0.03444007,-0.16111691,50.584,50.53357975006104
181,0.5700505,0.8944182,0.9186803,-0.8103768,1.0392257,-0.57349116,0.58322996,0.5030042,0.35959673,-0.06541757,0.60812646,0.7111558,0.48095378,1.1344672,-1.0705388,-1.753121,0.09275391,0.70067674,-0.7868469,-0.3351718,0.66534287,0.10117596,0.6757684,0.7414334,0.33323625,0.68405205,-0.9777191,0.16668755,0.04934913,47.823,49.1936605834961
182,0.6738385,0.8730251,0.92639285,-1.0188234,1.0571264,-0.742024,0.858213,0.51116085,0.40340972,-0.113238245,0.59935695,0.84311014,0.4808696,1.2152967,-1.0487299,-1.704501,0.06922021,-0.47317478,-0.78504986,-0.38656443,0.6784881,0.23538516,0.6794593,0.43906656,0.33268967,0.69818276,-0.63932663,0.1151328,0.05713828,54.453,51.60024013519287
183,0.8480482,0.86318743,0.9451396,-0.7923856,1.0126013,-1.2057412,0.6867245,0.53697455,0.39372835,0.21100159,0.59736174,0.9750646,0.5203941,1.1883535,-1.0487299,-1.6903808,0.31657326,-0.5575861,-0.5765627,-0.2858782,0.6902473,0.093836315,0.6979139,0.6279506,0.34526217,0.714228,-0.6066927,0.44102633,0.41892993,59.265,58.44052970886231
184,1.1802403,0.9048805,1.0485668,-0.85602635,0.98332,-0.5139375,1.0507423,0.5586916,0.37915617,0.22848561,0.50283235,1.0080532,0.56464726,1.107524,-1.0272352,-1.4092155,0.4703487,-0.5212069,-0.5405512,-0.063770875,0.70190436,-0.013943133,0.6757684,0.51218295,0.3133414,0.7023764,-0.14414804,0.42467335,0.46427575,59.819,60.870930213928226
185,1.3412577,0.9543813,1.1128323,-0.80136186,1.0053637,-0.19262345,0.9581608,0.57116485,0.36407432,0.18592131,0.6874391,0.9750646,0.60064363,0.9728083,-1.0272352,-0.82032925,0.44651356,-0.36140582,-0.6797437,0.13062459,0.7044721,-0.23564273,0.6591592,0.66197,0.17040339,0.69754463,-0.7108287,0.43545455,0.395693,50.901,52.39203010559082
186,1.1762798,0.9882667,1.1043564,-0.8652733,0.9964515,-0.29514542,0.79119146,0.57113147,0.33642566,0.019774212,0.59648794,1.107019,0.6005281,0.98627985,-1.0060478,-0.6638684,0.2912128,-0.32240376,-0.59544367,0.1635381,0.66440916,-0.2628401,0.56873155,0.54010934,0.23976725,0.64512426,-0.45302463,0.18722752,0.16611224,42.867,46.9319800567627
187,1.2755451,0.9059736,1.0690544,-0.96967477,1.0139959,-0.36205056,0.9705837,0.5534295,0.30058044,-0.28298035,0.5442676,1.1729962,0.6004695,1.013223,-1.0060478,-0.9737173,0.02127258,-0.4879682,-0.5387173,0.7352837,0.61124474,-0.2606132,0.47092208,0.5830145,0.2083907,0.5467563,-0.22672117,-0.18140572,-0.20018214,45.479,45.70144012451172
188,1.1037315,0.9640628,1.0919505,-1.3045406,0.99415094,-0.5608398,0.80056715,0.56120694,0.24303114,-0.3455564,0.51207316,1.2059847,0.6004107,1.2287683,-1.0487299,-1.1737523,-0.14281504,-1.0598916,-0.5393293,0.06242935,0.64890045,-0.27619195,0.58349526,0.6309971,0.25743645,0.6301731,-0.23703173,-0.25456685,-0.2804998,46.223,46.53183982849121
189,1.1983272,0.99685514,1.1484551,-1.6045144,0.97692215,-0.7966876,0.8038131,0.57060325,0.20086302,-0.41746187,0.43542674,1.2719619,0.60032356,1.2422398,-1.0487299,-1.7257277,-0.26212105,-0.80879456,-0.84183234,-0.3823067,0.7044138,-0.5202842,0.6499319,0.8781458,0.11562824,0.68469024,-0.17308748,-0.4493663,-0.48114824,42.443,41.85379051208496
190,1.1888783,0.9882667,1.141398,-1.8179417,0.9621212,-0.092800826,1.0674489,0.56213343,0.16059718,-0.67418313,0.36859357,1.2389734,0.60020834,1.1883535,-0.80962336,-1.9281667,-0.39534473,-0.95928085,-0.74484104,-0.14223818,0.69323814,-0.44261092,0.6296318,0.76225126,0.10665155,0.65907264,0.016815558,-0.6504939,-0.6716573,37.189,36.42419954299927
191,1.4919182,0.89285666,1.1077585,-1.3731561,0.9429379,-0.9182026,0.65340835,0.55852616,0.0998805,-0.87623125,0.47720686,1.4039164,0.6001212,1.3500125,-0.63738805,-2.4632442,-0.46743459,-1.4619445,-0.76526326,0.44198754,0.5700292,-0.4989611,0.4653857,0.8365101,0.21060948,0.5186773,0.52045476,-0.9221451,-0.9129279,31.683,31.05858024597168
192,1.1595374,0.8500705,1.0045485,-1.7357453,0.90630704,0.03318802,0.99886864,0.5480673,0.080192566,-1.048268,0.39895687,1.4369049,0.60006285,1.4847283,-0.5742256,-2.8809524,-0.64825857,-1.8697662,-0.6221914,0.5093854,0.5236198,-0.44480088,0.4653857,0.729882,0.42665818,0.50299674,-0.17892371,-1.1064761,-1.1866091,30.323,30.287089920043947
193,1.2313969,0.8332059,1.0100582,-2.1127877,0.9159419,-0.23513244,0.9514677,0.5726863,0.07920895,-0.9265464,0.38305822,1.4369049,0.600004,1.5520862,-0.6054293,-2.4747398,-0.49329478,-0.49663112,-0.5966606,0.6421486,0.6131268,-0.39607885,0.598259,0.438178,0.42828244,0.62734693,0.048823338,-0.6818071,-0.7012318,37.545,36.82326858520508
194,1.3140638,0.7788643,0.982525,-1.8319055,0.8527018,-0.639783,1.0171404,0.6028296,0.12247318,-0.7680091,0.34398782,1.4698936,0.5998582,1.5790293,-0.5897348,-1.6420691,-0.34402975,-1.4228452,-0.46698272,0.3586168,0.652577,-0.3117192,0.66469556,0.30908182,0.52863055,0.67985845,0.014114402,-0.49020454,-0.5008411,40.754,40.19300107955932
195,1.3338904,0.7284266,0.91257167,-1.8319055,0.84139746,-0.9059068,1.0291904,0.62148666,0.13972655,-0.56017387,0.32481822,1.5688593,0.5997711,1.5925009,-0.5897348,-1.6069905,-0.18457834,0.43243462,-0.48787236,0.17926563,0.62296015,-0.47322688,0.64624095,0.54582155,0.39556164,0.670286,0.1999247,-0.28658706,-0.26463625,46.712,46.723780975341796
196,1.6863049,0.7421681,0.9913424,-1.0387919,0.7945871,-0.48014084,0.9909234,0.64342695,0.15651633,-0.38631272,0.38336852,1.5688593,0.5996539,1.5386146,-0.5742256,-1.6443362,-0.015768386,0.9299911,-0.5368838,1.3551575,0.6424518,-0.3894776,0.6554683,0.56600475,0.582947,0.68778986,0.35891104,-0.2168972,-0.17806622,48.757,48.171810188293456
197,1.757649,0.868809,1.128231,-0.81943,0.79035753,-0.4933353,0.90202934,0.6394364,0.17099814,-0.41746187,0.40428406,1.6348366,0.59953845,1.4847283,-0.558898,-1.3686255,-0.10986769,0.44768983,-0.6446385,1.2968696,0.68878835,-0.36347285,0.72190493,0.51637197,0.6380272,0.7479593,0.13159089,-0.42567977,-0.41929612,44.651,45.05502071380615
198,1.6514255,0.7401382,0.9937155,-0.81943,0.7987149,0.21308914,1.1078047,0.6540772,0.18824914,-0.5309996,0.31943697,1.6348366,0.59945154,1.4443135,-0.54374874,-1.4584622,-0.1651488,-0.4415556,-0.5521608,0.34820843,0.73928285,-0.49503958,0.74035954,0.55635744,0.5609004,0.7733946,-0.044140257,-0.39027494,-0.40088022,44.724,45.0582194519043
199,1.6947446,0.7640297,1.019654,-0.67054725,0.75405234,-0.20043562,0.9428975,0.67487043,0.20642494,-0.44595447,0.3663301,1.5688593,0.5993644,1.3500125,-0.54374874,-1.0917373,-0.11188435,-0.9310257,-0.5454409,0.4224657,0.74866396,-0.37626258,0.7145231,0.5105328,0.5742408,0.7557996,-0.09480674,-0.36875424,-0.3841267,45.182,45.31514938354492
200,1.9207456,0.88536125,1.1983889,-0.67902005,0.8324243,-0.426921,0.8329706,0.69347304,0.2136849,-0.37785283,0.40224427,1.5688593,0.5992755,1.4712567,-0.54374874,-1.008332,-0.13629481,0.33509374,-0.669465,0.20559575,0.74911624,-0.37846613,0.70529574,0.74765337,0.49929884,0.74267167,0.27952096,-0.30236664,-0.27492937,49.775,49.43565078735352
201,2.2733405,0.9829575,1.350023,-1.0792735,0.86106426,-0.18446055,1.0184746,0.70285094,0.24258028,-0.47605315,0.37634608,1.601848,0.59918886,1.4712567,-0.5287747,-0.64054984,-0.21355633,1.3319253,-0.80301094,1.409053,0.7502688,-0.00074835063,0.76250505,0.9751266,0.31626436,0.7623635,0.5003641,-0.5108112,-0.48032868,45.661,45.6442894744873
202,2.1435997,0.85881513,1.1891047,-0.21773529,0.8359057,0.25065452,1.0781665,0.72294515,0.2812596,-0.41604227,0.3666156,1.4698936,0.59913003,1.4443135,-0.3486623,-0.67842656,-0.17012821,1.0001557,-0.94985616,1.1903446,0.78772026,-0.11313374,0.8676964,1.0259019,0.27782276,0.8325612,-0.08195736,-0.31532067,-0.32518417,51.972,51.25009017944336
203,1.3485564,0.845542,1.0481507,-0.42383918,0.85293084,-0.7125402,0.8881397,0.75517553,0.3624737,-0.28989395,0.4204682,1.5688593,0.59901476,1.5655577,-0.21453576,-0.936814,-0.025603632,-0.2083739,-0.8965627,1.5098873,0.82261854,0.09429472,0.886151,0.8288938,0.38450855,0.8559908,-0.21499418,-0.24488708,-0.26697722,52.504,52.38878158569336
204,1.256444,0.8591274,1.0522565,-0.7923856,0.9183799,-0.30145955,0.98272413,0.76791155,0.3960702,-0.27331787,0.41676104,1.5688593,0.5916612,1.6733304,-0.20306258,-1.2507774,-0.05811175,0.48101658,-0.8876558,1.0107243,0.86819637,0.07642039,0.93413305,0.9478349,0.46394673,0.8996592,-0.09776338,-0.26482734,-0.27296126,53.468,52.57568935394287
205,0.97303265,0.8736497,1.007615,-0.76568055,0.93338954,0.043619853,1.1363449,0.7641695,0.41487053,-0.29404595,0.34797356,1.5028821,0.49673116,1.7272167,-0.06349199,-0.53450114,-0.048869483,0.06922593,-0.86327946,1.2928828,0.8897743,0.027051661,0.97104234,0.89147437,0.45639262,0.92801183,-0.24580026,-0.20638303,-0.229783,49.328,49.21239963531494
206,1.0325485,0.82586664,0.96838415,-0.5795607,0.91603863,-0.6543665,1.0573386,0.7740471,0.39730468,-0.21710391,0.6300757,1.5028821,0.42070386,1.6598588,0.042330604,-0.41783974,0.04964661,-2.454703,-0.8495805,0.7993217,0.899739,-0.02076238,0.9581241,0.79423964,0.4901595,0.9222684,-0.068942495,-0.0865482,-0.077988945,51.06,50.78290111541748
207,1.419138,0.89285666,1.1033285,-0.53949547,0.9383775,-0.2263977,1.2452345,0.76784617,0.40273812,-0.28574333,0.5768671,1.5358708,0.30390483,1.6194441,0.051456984,-0.80539465,0.05572931,-0.25469247,-0.64766806,0.62803453,0.94318676,-0.03983704,0.9802696,0.6285853,0.49983647,0.9494358,-0.17755315,-0.1610281,-0.17158955,48.476,48.478811721801755
208,1.7746645,0.9306459,1.1988018,-0.67902005,0.91855294,0.23584579,1.3462565,0.7730627,0.40958017,-0.31069207,0.5714775,1.4698936,0.16587004,1.5386146,0.16342562,-1.0199014,0.09078419,-0.08383245,-0.5362718,0.6805789,0.9627222,0.07367263,1.0134879,0.52449596,0.44360927,0.9776972,-0.05786894,-0.28585333,-0.29062623,45.178,46.03426094055176
209,1.9651806,0.9904528,1.2920249,-0.67902005,0.9547563,0.010303303,1.145791,0.775687,0.40851372,-0.30097568,0.49744663,1.4039164,0.1584756,1.4308419,0.24947786,-0.92639434,0.04236416,-0.61821634,-0.35333866,0.4059749,0.9762613,0.24790557,1.0356334,0.28991416,0.49033853,0.9921014,-0.17721024,-0.20148498,-0.2151042,46.63,46.68746097564697
210,1.849258,0.9192467,1.1980532,-0.74806124,0.9556165,0.14039648,1.1440904,0.8065062,0.42516467,-0.18584834,0.44476086,1.3379391,0.15634502,1.269183,0.25694582,-0.5291175,0.11973054,-0.5303677,-0.17655861,0.30568054,0.9794419,0.42907417,1.0633154,0.27328524,0.5801051,0.99356,-0.45566207,-0.0043803523,-0.04258698,48.037,47.84675960540771
211,1.9783986,0.9076913,1.2163562,-0.67902005,1.022964,-0.023697214,1.3080935,0.8474957,0.4502084,0.0184748,0.45484176,1.3049506,0.0283631,1.3365409,0.24947786,-0.23583113,0.34899008,0.62649614,-0.11351801,0.5260637,1.001297,0.29903212,1.0836155,0.30908182,0.51665825,1.0192688,-0.78904814,0.2209712,0.14627784,49.822,50.685159034729004
212,1.8088417,1.018092,1.2869027,-0.76568055,1.0595134,-0.14466377,1.1330693,0.85374284,0.49406376,-0.015435573,0.7266056,1.1729962,-0.083131194,1.269183,0.24947786,-0.09653,0.15216286,0.61166954,-0.21298638,0.425449,1.0329565,0.4422371,1.1500522,0.43475068,0.49446157,1.0625726,-0.7426927,0.06442144,-0.017082293,51.578,51.48307910919189
213,1.607644,1.116469,1.3470751,-0.6537044,1.1534396,0.4094873,1.3205924,0.87525433,0.52802974,0.07534258,0.7342333,1.107019,-0.25606328,1.2152967,0.25694582,-0.13133544,0.20089468,0.4525935,-0.22051027,0.5102884,1.066425,0.39293748,1.1869614,0.30654305,0.5021643,1.0865492,-0.7595844,0.12000585,0.040798344,56.639,56.68599014282226
214,1.4817764,1.0104406,1.2163733,-0.81943,1.1312636,0.37341225,1.1282977,0.8922722,0.56254303,0.06505135,0.6576683,0.94207597,-0.22199121,0.94586515,0.35591048,0.031575393,0.13607912,0.55114645,-0.16208725,0.42536724,1.0821525,0.6244142,1.253398,0.2246679,0.5641036,1.1310381,-0.80746496,-0.03166285,-0.13515727,57.881,57.82409049987793
215,1.7119728,1.0412029,1.2892712,-0.03777488,1.1351267,-0.15553838,1.0540792,0.92288446,0.6006619,0.13030177,0.5605175,0.87609875,-0.19080873,0.94586515,0.42704603,-0.39673865,0.2307587,0.32658646,0.067162335,0.45206708,1.1442311,0.5351808,1.3309073,-0.051295783,0.6203493,1.2049736,-0.6770711,0.10701049,0.04159858,63.698,63.6747216796875
216,1.5705609,1.0952321,1.3223324,-0.95997477,1.1945496,0.23021255,1.1532246,0.9455743,0.6339732,0.1645054,0.8209202,0.84311014,-0.1632911,0.9728083,0.43325126,-0.5679531,0.29756165,-1.0782775,0.15905832,0.048526555,1.1260233,0.46530083,1.2810799,0.087701574,0.58046013,1.1557441,-0.37322757,0.05542306,0.034940552,62.229,62.350769996643066
217,1.4271265,1.1597236,1.3732377,-0.94070303,1.2319592,0.18218242,1.1912305,0.95020056,0.6655389,0.13919161,0.84450483,0.7441443,-0.16333663,0.9728083,0.48728025,-0.521932,0.2749637,0.47496396,0.15518923,0.66230935,1.149104,0.37560457,1.2552434,0.028167544,0.592355,1.1543765,-0.40271807,0.11962516,0.100224316,62.725,62.84238899230957
218,1.3746186,1.1862699,1.3909634,-0.83764994,1.2384893,-0.33997685,1.21278,0.9686024,0.701017,0.26450822,1.0409479,0.7771329,-0.1967947,1.080581,0.5864235,-0.56055486,0.4224002,-0.5879175,0.11399803,0.52018905,1.1137681,0.41029063,1.2367889,0.19966108,0.5834799,1.124383,-0.73354334,0.35709766,0.3058096,66.254,65.99094806671143
219,1.2843717,1.2011044,1.3901736,-0.83764994,1.2257141,-0.30176196,1.2933432,0.98920304,0.72486204,0.51331115,0.80963326,0.84311014,-0.28015587,1.0536377,0.5916149,-0.33181337,0.6114454,0.7841834,-0.17026861,0.74619126,1.1533204,0.41122907,1.2552434,0.38651413,0.5521748,1.1535561,-0.86369455,0.57030725,0.51727283,69.978,69.82592742919923
220,1.2851491,1.2901121,1.481487,-0.68752724,1.2656533,-0.02487179,1.3431702,1.0002276,0.74273664,0.5262616,0.984563,0.81012154,-0.2834332,0.8919788,0.6515619,-0.2569386,0.66689855,0.79564255,-0.26056394,0.7678752,1.1980083,0.3092802,1.2681617,0.44236696,0.4673623,1.1847348,-0.81187296,0.49091226,0.43907622,67.873,68.05294105529785
221,1.3296887,1.383336,1.5943584,-0.8103768,1.3131711,0.2841012,1.3116078,1.0068934,0.75291026,0.5121322,1.0118214,0.87609875,-0.2834768,0.83809245,0.69386613,0.05382083,0.61851513,0.20238933,-0.2568151,1.1898369,1.2136775,0.19280955,1.2810799,0.42980006,0.41546094,1.2071615,-0.39998364,0.44318482,0.45210674,70.981,70.3438217163086
222,1.5247648,1.4195637,1.6657202,-0.6960689,1.3979257,0.6037004,1.274102,1.020737,0.76015896,0.4611743,1.0971882,0.9750646,-0.2835201,0.8111493,0.69386613,0.10112346,0.6145154,-0.014316284,-0.34278652,0.7926634,1.2321917,0.031158391,1.3198346,0.48400268,0.37126318,1.2427162,-0.5636083,0.46689904,0.45395964,68.055,67.90675033569336
223,1.6366584,1.369126,1.6364014,-0.6621098,1.406222,-0.18497892,1.3228507,1.0366521,0.7627493,0.49323,1.0867494,1.1729962,-0.28356344,0.9054504,0.7119921,-0.1448928,0.59610105,0.984931,-0.26806158,0.9483508,1.2443739,0.16004352,1.3548985,0.48324105,0.356908,1.2660546,-1.0392163,0.49713677,0.4031629,70.231,69.70376174926758
224,1.7840405,1.4578214,1.7702385,-0.4388811,1.4166814,0.19003059,1.2111679,1.0568736,0.76842326,0.56959,0.97783554,1.1400075,-0.39245313,1.0536377,0.81290287,-0.042229686,0.5864006,1.2227273,-0.37936914,1.1785852,1.1810989,0.033440646,1.3179891,0.64534116,0.39646712,1.2025121,-1.1983516,0.49074227,0.36318102,70.749,70.2044605255127
225,1.578781,1.4981091,1.775432,0.0922977,1.4745417,0.1508278,1.267888,1.050222,0.75589126,0.34554937,0.86370283,1.107019,-0.49851564,1.1883535,0.8168391,-0.4654678,0.3536659,-1.0480988,-0.45591068,1.3732976,1.1375637,0.1430002,1.2976891,0.65638477,0.41094208,1.1665016,-0.9486431,0.1437584,0.029957749,56.963,57.89734077453613
226,0.9737626,1.5143491,1.683531,0.063542396,1.4831382,-0.2823449,1.356309,1.0467808,0.73288774,-0.040363733,0.9074871,1.107019,-0.5069088,1.1344672,0.84384197,-0.271278,0.11998591,-1.070104,-0.44606024,1.5387748,1.0695179,0.0006175705,1.2035705,0.5685435,0.5161218,1.06941,-0.95434195,-0.22964455,-0.3847722,49.523,49.954209098815916
227,0.48282847,1.3900506,1.4445881,-0.5714844,1.4719408,0.12947713,1.1406616,1.0441525,0.66455954,-0.25817272,0.70185393,1.1400075,-0.5069088,1.1883535,0.89157695,-0.655123,-0.0035986763,-0.6735263,-0.42263508,1.4891968,1.0969464,0.14530194,1.2275616,0.520307,0.5886284,1.0953922,-0.97479755,-0.31758085,-0.48698673,51.376,51.333689575195315
228,0.47303334,1.3686575,1.4344254,-0.94070303,1.4424101,0.298229,1.2274717,1.0657293,0.64670426,-0.12259098,0.58905935,1.0410417,-0.5071631,1.2018251,0.89157695,-1.583919,0.04666404,-0.63984525,-0.46513823,1.0467505,1.1668595,0.29251468,1.3179891,0.56765497,0.5783284,1.1850083,-1.0741513,-0.08093109,-0.24669278,54.954,54.475868759155276
229,0.16798165,1.4267467,1.4368685,-0.7046459,1.4784557,-0.37975818,1.2720783,1.1026112,0.6445116,0.131572,0.5654241,1.0410417,-0.5071631,1.2557114,0.8951259,-1.4492615,0.25554857,-2.5041115,-0.49768892,1.4050627,1.1957761,0.2846047,1.325371,0.65727335,0.5411232,1.2129961,-0.9699893,0.24220054,0.13455552,58.151,57.90784091949463
230,0.19828668,1.459539,1.4744356,-0.9794181,1.5123534,-0.066915385,1.3029696,1.1314195,0.69536,0.31377837,0.41339228,1.1400075,-0.517665,1.3365409,0.8986581,-1.2240438,0.5091014,-1.3210369,-0.53566056,0.9100193,1.2456725,0.25161758,1.3641257,0.6728867,0.52345043,1.2672398,-0.90444106,0.50505406,0.43784642,63.862,63.117629737854
231,0.0084797945,1.4765599,1.4509277,-0.9892029,1.5130659,-0.42760524,1.3837324,1.1366591,0.6964472,0.355285,0.4288834,1.3709278,-0.5898586,1.4173704,0.8880108,-0.70790786,0.5867804,-0.5577171,-0.56436807,1.3314545,1.2202866,0.009270878,1.3272165,0.6940854,0.56356984,1.2409841,-1.2180122,0.52983934,0.40261817,60.827,60.91893974304199
232,0.060877934,1.5148176,1.4875429,-1.2378882,1.5220697,-0.12460389,1.4207191,1.1378239,0.6851586,0.13284358,0.5019992,1.3379391,-0.5898586,1.2961261,0.88442755,-0.49023244,0.48245338,-1.9250737,-0.49830353,1.805676,1.223117,0.075962454,1.3512075,0.5652431,0.7497444,1.2600378,-1.1291579,0.25166664,0.11152814,54.657,54.47599098205566
233,-0.17723186,1.5045114,1.4234107,-1.2709746,1.4769033,0.40699005,1.414877,1.1552496,0.63436806,0.1922034,0.3544091,1.3709278,-0.5898586,1.1209956,0.89157695,0.21811642,0.50893563,-1.1731538,-0.5497176,1.4761391,1.2732468,0.037549388,1.4028804,0.7537464,0.77609247,1.3145549,-0.8155951,0.33583263,0.26773453,57.354,57.26557022094727
234,-0.0431598,1.6083537,1.5787517,-1.4438295,1.5583137,0.53270066,1.3746415,1.1642653,0.6186414,0.094583414,0.51695746,1.3049506,-0.5898586,1.0266947,0.78885806,0.29201913,0.3787783,-0.4015054,-0.5997025,1.8150877,1.234701,-0.07563546,1.345671,0.7843385,0.93935305,1.2639579,-0.53275406,0.12788881,0.088989116,54.805,55.73790031433106
235,-0.82656485,1.5999215,1.3516017,-1.0690845,1.5719085,-0.12039259,1.393774,1.1777345,0.6108746,0.044403616,0.3406692,1.3049506,-0.5898586,0.98627985,0.75135016,0.45167106,0.3421081,0.13198984,-0.6712786,1.5620961,1.2580736,-0.04709567,1.3936532,0.8191196,0.847477,1.3076262,-0.7368328,0.18890898,0.12063529,56.947,56.93863876342773
236,-0.099660315,1.6487976,1.6020204,-1.3158379,1.5997138,0.04600706,1.2865429,1.200619,0.6346189,0.112473674,0.16817117,1.2719619,-0.657733,1.1344672,0.65637004,0.1870306,0.36403126,1.1633248,-0.6428189,1.461127,1.256994,0.011093497,1.3844258,0.66273165,0.92578447,1.3053472,-0.7215108,0.2865157,0.2304732,53.963,53.96957077026367
237,-0.17745864,1.7387422,1.6803013,-0.9794181,1.6230401,0.08518158,1.3772863,1.2161957,0.6251121,0.067626126,0.32481822,1.2389734,-0.76730734,1.1614105,0.5102933,-0.17520495,0.32375193,0.46903232,-0.6470614,1.4235044,1.311807,0.023402093,1.4397897,0.7345787,0.8471309,1.3671576,-0.7722999,0.15424657,0.07604682,57.027,57.13360027313232
238,-0.23156214,1.7123523,1.6305871,-1.4438295,1.6203374,0.029641658,1.4475355,1.2315083,0.6059024,0.057318404,0.2932257,1.2389734,-0.76730734,1.0536377,0.5102933,-0.22008564,0.28498325,0.38534528,-0.608824,1.5099674,1.3424305,0.15267049,1.4582443,0.5861879,0.93986833,1.4000684,-0.9111195,-0.0051900833,-0.12700722,59.877,59.399729042053224
239,-0.3557791,1.7104784,1.5939664,-1.6956395,1.6050122,-0.67876834,0.8996875,1.2450061,0.5906092,0.044403616,0.26753336,1.3049506,-0.76730734,1.107524,0.5102933,-1.3966825,0.2864121,-0.5620819,-0.6185479,1.2379855,1.3926187,-0.10004517,1.4933081,0.6659051,1.0447657,1.444375,-0.7659527,-0.033815354,-0.12939414,57.52,57.8029301071167
240,-0.70749307,1.6622268,1.4550197,-1.8459479,1.6037449,-0.2025914,0.90068257,1.2554711,0.54173595,-0.14672178,0.34289733,1.2389734,-0.76730734,1.2152967,0.5271715,-2.1526015,0.17692043,-2.2040706,-0.73160887,1.2525153,1.4120228,-0.08196863,1.4766989,0.723662,1.0130922,1.4440104,-0.64538556,-0.11993185,-0.20102252,50.54,50.494320487976076
241,-0.59493965,1.6669115,1.4964327,-2.0207546,1.5981054,-1.699349,0.69980013,1.228349,0.47286037,-0.53827655,-0.5611705,1.4369049,-0.76730734,1.4308419,-0.21453576,-1.6633804,-0.026409779,-2.8732097,-0.6500923,2.016939,1.215793,-0.3572929,1.1205248,0.79423964,1.0595504,1.1236537,-0.33013427,-0.74325126,-0.8219311,29.21,29.47038921356201
242,0.5281816,1.3594444,1.4658642,-2.0972235,1.4786135,-3.5923066,0.48203063,1.1615185,0.29016066,-1.460577,-2.496722,1.766791,-0.7174305,1.686802,-1.2084333,-1.4670049,-0.4020344,-1.8850245,-0.75565696,2.0250165,1.2841889,-0.25794026,1.1666613,0.79195476,1.2289896,1.1891108,-0.17394762,-1.605278,-1.7186307,16.55,16.8824693107605
243,-1.9412582,0.6319235,-0.084424786,-2.0817492,1.0699729,-3.229231,0.73716855,1.1566709,0.25134438,-1.3206778,-2.160967,1.8987454,-0.5227619,1.6463872,-1.2084333,-2.0148897,-0.40214682,-1.9645532,-0.73401487,2.3179598,1.378919,-0.17701635,1.2349434,0.7399101,1.3200417,1.275536,0.015983535,-1.201838,-1.258375,28.56,28.842089519500732
244,-2.3269665,0.933769,-0.11948768,-2.2736683,1.2271698,-2.5300128,0.9187201,1.1977803,0.26288944,-0.86373544,-1.368399,1.9977112,-0.36796886,1.7002735,-1.1379285,-0.51065886,-0.16846079,-0.9541207,-0.5203633,1.885399,1.4539678,0.08970918,1.345671,0.6659051,1.4086096,1.3670664,-0.19608718,-0.7820757,-0.84177136,38.31,38.07300100326538
245,-2.2201624,1.099136,0.12252517,-2.0510738,1.3325377,-2.0355237,0.9598007,1.2405288,0.39705855,-0.5645649,-0.83121854,1.9977112,-0.36553323,1.6329156,-1.1151301,0.054027323,-0.07028964,-0.17805827,-0.37936914,1.9937897,1.5144708,0.22658157,1.3641257,0.3325654,1.6839305,1.4138345,-0.28858167,-0.634515,-0.69777197,40.71,40.85462921142578
246,-2.0260904,1.0908598,0.25830075,-1.3500605,1.2534074,-2.132511,0.93440694,1.273911,0.45487517,-0.51358086,-0.5852537,1.931734,-0.53817165,1.5520862,-1.0926697,-0.057089556,-0.07724825,0.45377955,-0.16523474,1.7378029,1.5735731,0.39293748,1.4397897,0.22644505,1.6848996,1.4911431,-0.26808855,-0.64227295,-0.702836,42.34,41.96954990386963
247,-2.0183263,1.0867999,0.25875378,-1.8319055,1.3174007,-1.8907531,1.074142,1.293528,0.50871265,-0.58805424,-0.5852158,1.8657568,-0.63882947,1.5116714,-1.1151301,-0.17316231,-0.042866018,2.1436985,-0.19415623,1.6732554,1.5637398,0.3713921,1.4360987,0.37889785,1.5567039,1.480659,-0.07499941,-0.69653124,-0.7325805,39.63,39.76765090942383
248,-1.9388795,1.0811783,0.30661687,-1.2488649,1.2301269,-1.855835,0.9867352,1.2987356,0.5182246,-0.5557856,-0.39412588,1.7008138,-0.70448506,1.4847283,-1.1151301,0.04952145,-0.09799253,1.2548709,-0.2048306,1.7694147,1.5909055,0.38918835,1.4490169,0.3917186,1.5371218,1.5019007,0.02224284,-0.7422052,-0.7687848,39.4,39.38460117340088
249,-1.7468121,1.1972007,0.5280813,-1.0188234,1.3652953,-1.8505887,1.1973555,1.3105928,0.59441704,-0.52228254,-0.28379926,1.7008138,-0.71284705,1.5386146,-1.1151301,-0.47006908,-0.14539993,1.0544637,-0.16838124,2.0647585,1.6177796,0.751548,1.5043808,0.20232679,1.3684598,1.551586,-0.1601056,-0.73914963,-0.79027486,40.94,40.894569396972656
250,-1.6950855,1.1645645,0.51848775,-1.0387919,1.3606993,-1.7509227,1.2382554,1.3376611,0.696802,-0.29958802,-0.20311308,1.5358708,-0.7128297,1.4443135,-1.1151301,-0.3832595,-0.059031155,0.1714539,0.04860161,1.7020288,1.6749707,0.83381027,1.5505173,0.025374902,1.5596391,1.6036417,-0.35564718,-0.588048,-0.65872085,47.02,47.884930267333985
251,-1.6779202,1.2468575,0.63140625,-0.9216001,1.3530952,-2.1346016,1.0921563,1.358063,0.84936297,-0.111904494,0.1414961,1.5028821,-0.71284705,1.3769556,-1.1151301,0.06856291,0.105321094,1.5076396,0.055000253,1.5900022,1.711109,0.87147045,1.5800447,0.08490893,1.482789,1.6366438,-0.32558137,-0.34938738,-0.39599392,52.0,51.94620986938477
252,-1.7994192,0.8655297,0.18134773,0.6927827,1.1182694,-2.091885,1.2533544,1.3947842,0.985624,0.12775858,-0.60234284,1.3379391,-0.7183666,1.4847283,-1.1379285,-0.081141084,0.29189235,1.0291021,0.0013546204,1.119379,1.743994,1.3959461,1.5984994,0.11258146,1.2841027,1.6654521,-0.39522204,-0.04442086,-0.07663081,59.04,58.8647407913208
253,-1.7591246,1.2829291,0.62868476,-1.0089065,1.3870795,-1.5239652,1.2140893,1.4485873,1.1297004,0.4766333,0.007085751,1.3709278,-0.7183493,1.5386146,-1.1610726,0.31048718,0.58887243,-0.5082131,-0.12046781,1.1170636,1.7100148,1.3040956,1.640945,0.32215646,1.2599169,1.6739305,-0.3719058,0.2871431,0.2865144,62.33,62.48243083953857
254,-1.767275,1.2935475,0.641708,-0.96967477,1.3835828,-1.6792017,1.2245278,1.5028228,1.3143042,0.44088885,-0.004429383,1.3049506,-0.7936222,1.4577851,-1.1610726,0.5554426,0.6663973,0.40933773,-0.08061814,0.9710655,1.7533313,1.773271,1.6926179,0.14901273,1.3480874,1.7419403,-0.37337446,0.32580552,0.3282812,61.72,61.95006092071533
255,-1.6350473,1.3491383,0.75954056,-0.7393065,1.3920318,-1.6690314,1.1878414,1.562451,1.4492669,0.654026,0.20708224,1.3379391,-0.8902119,1.3904272,-1.1845714,0.7663838,0.8154013,1.5751505,0.03453821,0.8843213,1.7312719,1.9903901,1.7092271,0.033752825,1.572675,1.7494159,-0.41246188,0.5163963,0.5300001,65.17,65.2622587966919
256,-1.4629341,1.350856,0.8502757,-0.45403665,1.3921031,-0.8494703,1.3063605,1.6373006,1.5675339,0.69744015,0.19950883,1.2389734,-0.9883874,1.1748819,-1.1379285,0.7444951,0.9450682,1.7103462,-0.027932972,0.761929,1.7644048,1.5925198,1.7110726,0.25297514,1.3543849,1.7686518,-0.16531637,0.53490174,0.58107316,71.38,71.2399974822998
257,-1.2169443,1.4454852,1.0595793,-0.05624892,1.3905557,-0.85914767,1.2802604,1.6762601,1.651998,0.8370173,0.45954835,1.2059847,-0.988418,1.107524,-1.0926697,0.8408811,1.0438854,2.4853241,-0.17152674,1.0363951,1.7936715,1.7707355,1.7276818,0.22911075,1.4239417,1.8014716,-0.31182867,0.63714254,0.6744725,72.49,71.97170852661132
258,-1.2225068,1.383336,0.99110675,0.08085102,1.3790427,-0.7968295,1.2132026,1.7050092,1.750026,0.781052,0.38128972,1.0740304,-0.988418,0.94586515,-1.1151301,1.0215275,1.0885652,2.4057786,-0.20545751,1.1221442,1.8049638,1.6741158,1.7424455,0.269731,1.4278951,1.8241719,-0.3630612,0.6587856,0.6914742,67.73,69.05715171813965
259,-1.0690161,1.3553845,1.0300938,0.6150716,1.3168205,-0.6663103,1.3523557,1.7404888,1.844414,0.8418561,0.1997389,1.0740304,-1.0411805,0.94586515,-1.1379285,1.1854212,1.1272409,2.4937854,-0.20671365,1.0306193,1.813455,1.3924626,1.7239908,0.40783978,1.3288441,1.822075,-0.33618066,0.6543232,0.69007045,71.65,71.58704132080078
260,-0.9591707,1.4860853,1.2088643,0.755367,1.4261636,-0.6330457,1.3032401,1.8154644,1.9163877,1.0770491,0.600755,1.107019,-1.1423292,1.080581,-1.1379285,1.3137028,1.301074,4.8684583,-0.30983716,0.9392424,1.8061163,1.6630158,1.736909,0.39844632,1.3750774,1.8258128,-0.21283445,0.84857464,0.915666,81.48,81.2786824798584
261,-0.7956331,1.5232499,1.29859,0.56828636,1.4602242,-0.4116924,1.4171028,1.876339,2.0176432,1.0758841,0.7471075,0.9750646,-1.2629876,1.0536377,-1.1379285,0.6572617,1.3935608,1.7984457,-0.42386797,1.2272978,1.8518547,1.5839764,1.7609,0.5538187,1.3611759,1.8745866,-0.18592201,0.84851795,0.91854954,79.15,78.96262107849121
262,-0.7440068,1.4517314,1.2193996,-0.10643234,1.4364398,-0.0021624388,1.5523001,1.9266547,2.1293204,0.8697835,0.7390252,0.7771329,-1.3572837,0.94586515,-1.1379285,0.6746018,1.3224068,1.0294365,-0.49462217,1.503718,1.8357041,1.7687074,1.7553637,0.5521685,1.4489602,1.8762275,-0.27758798,0.6655888,0.70956904,71.71,71.6838892364502
263,-0.76657736,1.4231552,1.2154168,0.2504967,1.3942152,-1.2381984,1.3321277,1.9832965,2.2225704,1.0379016,0.6595117,0.7111558,-1.418223,0.87850726,-1.1379285,0.07803459,1.4318416,2.252013,-0.4848016,1.2844133,1.7879815,1.6302553,1.7498273,0.598374,1.3940846,1.8529803,-0.40243047,0.76408327,0.80094266,83.22,83.85987075805664
264,-0.4046417,1.4473591,1.3481777,0.4050467,1.385466,-0.41003442,1.4668988,2.0536265,2.3765574,1.3751916,0.9801124,0.57920134,-1.5179629,0.82462084,-1.1379285,0.12375284,1.60805,-0.65869534,-0.46513823,0.9029282,1.7532438,1.759584,1.7221453,0.61195636,1.5676248,1.8197048,-0.6904808,1.0216597,1.04213,91.64,90.02096961975097
265,-0.5829516,1.5460484,1.4018264,0.5022275,1.4466753,-0.6327037,1.2868654,2.163519,2.562228,1.9175718,1.175465,0.48023555,-1.6389918,0.87850726,-0.88499475,0.4794918,2.37592,3.673065,-0.66643876,1.8935481,1.7373412,2.063244,1.7018453,0.73762524,1.6517521,1.8084913,-1.0483284,1.7545319,1.795751,108.5,106.53767974853515
266,-0.39697784,1.420813,1.2821267,1.123886,1.4416925,-1.2081497,1.2977533,2.1932058,2.9293058,2.0205376,1.3162544,0.48023555,-1.7856839,0.91892195,-0.6536602,0.34906134,2.3816166,2.740321,-0.7964292,1.6799853,1.7237582,1.7130136,1.7110726,1.0785813,1.5886259,1.8084913,-0.33013427,2.0502026,2.2138162,101.78,102.30415901184082
267,-0.63548815,1.4651606,1.2603343,1.5196093,1.4356203,-1.0439302,1.3843876,2.2803981,3.0650303,2.3874717,1.1947979,0.61218995,-1.9447867,0.87850726,-0.083875634,0.68280447,2.8525887,-4.398308,-0.9368519,1.6660808,1.6203327,1.6025755,1.640945,0.99315184,1.4796724,1.7130407,-0.47810203,2.5965712,2.799041,109.55,109.1133819580078
268,-0.5025561,1.4376775,1.3472866,1.4181591,1.4598832,-0.57882303,1.4849155,2.399487,3.1202495,2.7757716,1.0375909,0.64517856,-2.086374,0.9054504,0.2934597,0.41549283,3.4853616,0.97480345,-0.9368519,1.540729,1.5896654,1.0190533,1.6058812,1.1962531,1.4198221,1.6702839,-0.95760673,2.795093,2.9630826,114.84,117.52653762817383
